{
    "variants": {
        "": [
            { "model": "block/wet_sponge" },
            { "model": "block/wet_sponge", "x": 90 },
            { "model": "block/wet_sponge", "x": 180 },
            { "model": "block/wet_sponge", "x": 270 },
            { "model": "block/wet_sponge", "y": 90 },
            { "model": "block/wet_sponge", "y": 90, "x": 90 },
            { "model": "block/wet_sponge", "y": 90, "x": 180 },
            { "model": "block/wet_sponge", "y": 90, "x": 270 },
            { "model": "block/wet_sponge", "y": 180 },
            { "model": "block/wet_sponge", "y": 180, "x": 90 },
            { "model": "block/wet_sponge", "y": 180, "x": 180 },
            { "model": "block/wet_sponge", "y": 180, "x": 270 },
            { "model": "block/wet_sponge", "y": 270 },
            { "model": "block/wet_sponge", "y": 270, "x": 90 },
            { "model": "block/wet_sponge", "y": 270, "x": 180 },
            { "model": "block/wet_sponge", "y": 270, "x": 270 }
        ]
    }
}