{
    "__comment": "Model generated using MrCrayfish's Model Creator (http://mrcrayfish.com/modelcreator/)",
    "textures": {
        "0": "item/armor_stand"
    },
    "elements": [
        {
            "name": "Base",
            "from": [ 2.0, 0.0, 2.0 ], 
            "to": [ 14.0, 1.0, 14.0 ], 
            "faces": {
                "north": { "texture": "#0", "uv": [ 3.0, 11.0, 6.0, 11.25 ] },
                "east": { "texture": "#0", "uv": [ 6.0, 11.0, 9.0, 11.25 ] },
                "south": { "texture": "#0", "uv": [ 9.0, 11.0, 12.0, 11.25 ] },
                "west": { "texture": "#0", "uv": [ 0.0, 11.0, 3.0, 11.25 ] },
                "up": { "texture": "#0", "uv": [ 3.0, 8.0, 6.0, 11.0 ] },
                "down": { "texture": "#0", "uv": [ 3.0, 8.0, 6.0, 11.0 ] }
            }
        },
        {
            "name": "R_Leg",
            "from": [ 9.0, 1.0, 7.0 ], 
            "to": [ 11.0, 12.0, 9.0 ], 
            "faces": {
                "north": { "texture": "#0", "uv": [ 2.5, 0.5, 3.0, 3.25 ] },
                "east": { "texture": "#0", "uv": [ 2.0, 0.5, 2.5, 3.25 ] },
                "south": { "texture": "#0", "uv": [ 3.5, 0.5, 4.0, 3.25 ] },
                "west": { "texture": "#0", "uv": [ 3.0, 0.5, 3.5, 3.25 ] },
                "up": { "texture": "#0", "uv": [ 2.5, 0.0, 3.0, 0.5 ] },
                "down": { "texture": "#0", "uv": [ 3.0, 0.0, 3.5, 0.5 ] }
            }
        },
        {
            "name": "Lower Beam",
            "from": [ 4.0, 12.0, 7.2 ], 
            "to": [ 12.0, 14.0, 9.2 ], 
            "faces": {
                "north": { "texture": "#0", "uv": [ 0.5, 12.5, 2.5, 13.0 ] },
                "east": { "texture": "#0", "uv": [ 0.0, 12.5, 0.5, 13.0 ] },
                "south": { "texture": "#0", "uv": [ 3.0, 12.5, 5.0, 13.0 ] },
                "west": { "texture": "#0", "uv": [ 2.5, 12.5, 3.0, 13.0 ] },
                "up": { "texture": "#0", "uv": [ 0.5, 12.0, 2.5, 12.5 ] },
                "down": { "texture": "#0", "uv": [ 2.5, 12.0, 4.5, 12.5 ] }
            }
        },
        {
            "name": "Upper Beam",
            "from": [ 2.0, 21.0, 6.5 ], 
            "to": [ 14.0, 24.0, 9.5 ], 
            "faces": {
                "north": { "texture": "#0", "uv": [ 0.75, 7.0, 3.75, 7.75 ] },
                "east": { "texture": "#0", "uv": [ 0.0, 7.25, 0.75, 8.0 ] },
                "south": { "texture": "#0", "uv": [ 4.5, 7.25, 7.5, 8.0 ] },
                "west": { "texture": "#0", "uv": [ 3.75, 7.25, 4.5, 8.0 ] },
                "up": { "texture": "#0", "uv": [ 0.75, 6.5, 3.75, 7.25 ] },
                "down": { "texture": "#0", "uv": [ 3.75, 6.5, 6.75, 7.25 ] }
            }
        },
        {
            "name": "R_Middle",
            "from": [ 5.0, 14.0, 7.0 ], 
            "to": [ 7.0, 21.0, 9.0 ], 
            "faces": {
                "north": { "texture": "#0", "uv": [ 12.5, 4.5, 13, 6.25 ] },
                "east": { "texture": "#0", "uv": [ 13.0, 4.5, 13.5, 6.25 ] },
                "south": { "texture": "#0", "uv": [ 13.5, 4.5, 14.0, 6.25 ] },
                "west": { "texture": "#0", "uv": [ 12.0, 4.5, 12.5, 6.25 ] },
                "up": { "texture": "#0", "uv": [ 12.5, 4.0, 13.0, 4.5 ] },
                "down": { "texture": "#0", "uv": [ 13.0, 4.0, 13.5, 4.5 ] }
            }
        },
        {
            "name": "Head",
            "from": [ 7.0, 24.0, 7.0 ], 
            "to": [ 9.0, 30.0, 9.0 ], 
            "faces": {
                "north": { "texture": "#0", "uv": [ 0.5, 0.5, 1.0, 2.25 ] },
                "east": { "texture": "#0", "uv": [ 2.75, 0.5, 0.5, 2.25 ] },
                "south": { "texture": "#0", "uv": [ 1.5, 0.5, 2.0, 2.25 ] },
                "west": { "texture": "#0", "uv": [ 1.0, 0.5, 1.5, 2.25 ] },
                "up": { "texture": "#0", "uv": [ 0.5, 0.0, 1.0, 0.5 ] },
                "down": { "texture": "#0", "uv": [ 1.0, 0.0, 1.5, 0.5 ] }
            }
        },
        {
            "name": "L_Middle",
            "from": [ 9.0, 14.0, 7.0 ], 
            "to": [ 11.0, 21.0, 9.0 ], 
            "faces": {
                "north": { "texture": "#0", "uv": [ 12.5, 4.5, 13.0, 6.25 ] },
                "east": { "texture": "#0", "uv": [ 13.0, 4.5, 13.5, 6.25 ] },
                "south": { "texture": "#0", "uv": [ 13.5, 4.5, 14.0, 6.25 ] },
                "west": { "texture": "#0", "uv": [ 12.0, 4.5, 12.5, 6.25 ] },
                "up": { "texture": "#0", "uv": [ 12.5, 4.0, 13.0, 4.5 ] },
                "down": { "texture": "#0", "uv": [ 13.0, 4.0, 13.5, 4.5 ] }
            }
        },
        {
            "name": "L_Leg",
            "from": [ 5.0, 1.0, 7.0 ], 
            "to": [ 7.0, 12.0, 9.0 ], 
            "faces": {
                "north": { "texture": "#0", "uv": [ 2.5, 0.5, 3.0, 3.25 ] },
                "east": { "texture": "#0", "uv": [ 2.0, 0.5, 2.5, 3.25 ] },
                "south": { "texture": "#0", "uv": [ 3.5, 0.5, 4.0, 3.25 ] },
                "west": { "texture": "#0", "uv": [ 3.0, 0.5, 3.5, 3.25 ] },
                "up": { "texture": "#0", "uv": [ 2.5, 0.0, 3.0, 0.5 ] },
                "down": { "texture": "#0", "uv": [ 3.0, 0.0, 3.5, 0.5 ] }
            }
        }
    ],
    "display": {
        "gui": {
            "rotation": [ 30, 315, 0 ],
            "translation": [ 0, -2.2, 0],
            "scale":[ 0.5, 0.5, 0.5 ]
        },
        "ground": {
            "rotation": [ 0, 0, 0 ],
            "translation": [ 0, 1.3, 0],
            "scale":[ 0.25, 0.25, 0.25 ]
        },
        "fixed": {
            "rotation": [ 0, 0, 0 ],
            "translation": [ 0, -2.3, 0],
            "scale":[ 0.5, 0.5, 0.5 ]
        },
        "thirdperson_righthand": {
            "rotation": [ 90, 45, 0 ],
            "translation": [ 0, 2.5, 2.7 ],
            "scale": [ 0.375, 0.375, 0.375 ]
        },
        "thirdperson_lefthand": {
            "rotation": [ 90, 45, 0 ],
            "translation": [ 0, 2.5, 2.7 ],
            "scale": [ 0.375, 0.375, 0.375 ]
        },
        "firstperson_righthand": {
            "rotation": [ 0, 135, 0 ],
            "translation": [ 0, -2.3, 0 ],
            "scale": [ 0.40, 0.40, 0.40 ]
        },
        "firstperson_lefthand": {
            "rotation": [ 0, 135, 0 ],
            "translation": [ 0, -2.3, 0 ],
            "scale": [ 0.40, 0.40, 0.40 ]
        }
    }
}