{
	"credit": "Made with Blockbench",
	"textures": {
		"texture": "item/chest_boat/bamboo",
		"particle": "item/bamboo_raft"
	},
	"elements": [
		{
			"name": "RaftTop",
			"from": [-6, 4, -2],
			"to": [22, 8, 18],
			"faces": {
				"north": {"uv": [0.5, 0, 4, 0.5], "texture": "#texture"},
				"east": {"uv": [0, 0.5, 0.5, 3], "rotation": 270, "texture": "#texture"},
				"south": {"uv": [4, 0, 7.5, 0.5], "texture": "#texture"},
				"west": {"uv": [4, 0.5, 4.5, 3], "rotation": 270, "texture": "#texture"},
				"up": {"uv": [4.5, 0.5, 8, 3], "texture": "#texture"},
				"down": {"uv": [4.5, 0.5, 8, 3], "texture": "#texture"}
			}
		},
		{
			"name": "RaftBottom",
			"from": [-6, 0, 0],
			"to": [22, 4, 16],
			"faces": {
				"north": {"uv": [0.5, 0, 4, 0.5], "texture": "#texture"},
				"east": {"uv": [0, 0.5, 0.5, 2.5], "rotation": 270, "texture": "#texture"},
				"south": {"uv": [4, 0, 7.5, 0.5], "texture": "#texture"},
				"west": {"uv": [4, 0.5, 4.5, 2.5], "rotation": 270, "texture": "#texture"},
				"down": {"uv": [0.5, 0.5, 4, 2.5], "texture": "#texture"}
			}
		},
		{
			"name": "PaddlePan2",
			"from": [12, -2, -10],
			"to": [13, 5, -4],
			"rotation": {"angle": 22.5, "axis": "x", "origin": [11, 0, -8]},
			"faces": {
				"north": {"uv": [5.875, 3, 6, 3.875], "rotation": 180, "texture": "#texture"},
				"east": {"uv": [6, 3.875, 6.875, 4.625], "rotation": 90, "texture": "#texture"},
				"south": {"uv": [6, 3, 6.125, 3.875], "rotation": 180, "texture": "#texture"},
				"west": {"uv": [5, 3.875, 5.875, 4.625], "rotation": 270, "texture": "#texture"},
				"up": {"uv": [6, 3.875, 5.875, 4.625], "texture": "#texture"},
				"down": {"uv": [6.875, 4.625, 7, 3.875], "texture": "#texture"}
			}
		},
		{
			"name": "PaddleBind2",
			"from": [11, 0, -7],
			"to": [12, 5, -5],
			"rotation": {"angle": 22.5, "axis": "x", "origin": [11, 0, -8]},
			"faces": {
				"north": {"uv": [7.375, 3, 7.5, 3.625], "texture": "#texture"},
				"south": {"uv": [7.25, 3, 7.375, 3.625], "texture": "#texture"},
				"west": {"uv": [7.5, 3.625, 7.75, 3], "texture": "#texture"},
				"down": {"uv": [7.25, 5.375, 7.5, 5.5], "rotation": 90, "texture": "#texture"}
			}
		},
		{
			"name": "PaddleArm2",
			"from": [11, 5, -7],
			"to": [13, 18, -5],
			"rotation": {"angle": 22.5, "axis": "x", "origin": [11, 0, -8]},
			"faces": {
				"north": {"uv": [7.25, 3.625, 7.5, 5.25], "texture": "#texture"},
				"east": {"uv": [7.5, 3.625, 7.75, 5.25], "texture": "#texture"},
				"south": {"uv": [7.25, 3.625, 7.5, 5.25], "texture": "#texture"},
				"west": {"uv": [7.5, 3.625, 7.75, 5.25], "texture": "#texture"},
				"up": {"uv": [7.5, 5.25, 7.75, 5.5], "texture": "#texture"}
			}
		},
		{
			"name": "PaddleArm1",
			"from": [11, 5, 21],
			"to": [13, 18, 23],
			"rotation": {"angle": -22.5, "axis": "x", "origin": [13, 0, 24]},
			"faces": {
				"north": {"uv": [2.5, 5.25, 2.75, 3.625], "texture": "#texture"},
				"east": {"uv": [2.25, 5.25, 2.5, 3.625], "texture": "#texture"},
				"south": {"uv": [2.5, 5.25, 2.75, 3.625], "texture": "#texture"},
				"west": {"uv": [2.25, 5.25, 2.5, 3.625], "texture": "#texture"},
				"up": {"uv": [2.5, 5.5, 2.75, 5.25], "texture": "#texture"}
			}
		},
		{
			"name": "PaddlePan1",
			"from": [11, -2, 20],
			"to": [12, 5, 26],
			"rotation": {"angle": -22.5, "axis": "x", "origin": [13, 0, 24]},
			"faces": {
				"north": {"uv": [1, 3, 1.125, 3.875], "rotation": 180, "texture": "#texture"},
				"east": {"uv": [0, 3.875, 0.875, 4.625], "rotation": 270, "texture": "#texture"},
				"south": {"uv": [0.875, 3, 1, 3.875], "rotation": 180, "texture": "#texture"},
				"west": {"uv": [1, 3.875, 1.875, 4.625], "rotation": 90, "texture": "#texture"},
				"up": {"uv": [1.875, 3.875, 2, 4.625], "rotation": 180, "texture": "#texture"},
				"down": {"uv": [1.875, 3.875, 2, 4.625], "texture": "#texture"}
			}
		},
		{
			"name": "PaddleBind1",
			"from": [12, 0, 21],
			"to": [13, 5, 23],
			"rotation": {"angle": -22.5, "axis": "x", "origin": [13, 0, 24]},
			"faces": {
				"north": {"uv": [2.25, 3.625, 2.375, 3], "texture": "#texture"},
				"east": {"uv": [2.5, 3.625, 2.75, 3], "texture": "#texture"},
				"south": {"uv": [2.375, 3.625, 2.5, 3], "texture": "#texture"},
				"down": {"uv": [2.5, 3, 2.75, 3.125], "rotation": 90, "texture": "#texture"}
			}
		}
	],
	"display": {
		"thirdperson_righthand": {
			"rotation": [70, 45, 0],
			"translation": [1.5, 4, 2],
			"scale": [0.275, 0.275, 0.275]
		},
		"thirdperson_lefthand": {
			"rotation": [70, 45, 0],
			"translation": [1.5, 4, 2],
			"scale": [0.275, 0.275, 0.275]
		},
		"firstperson_righthand": {
			"rotation": [0, 45, 0],
			"scale": [0.4, 0.4, 0.4]
		},
		"firstperson_lefthand": {
			"rotation": [0, -135, 0],
			"scale": [0.4, 0.4, 0.4]
		},
		"ground": {
			"translation": [0, 3, 0],
			"scale": [0.25, 0.25, 0.25]
		},
		"gui": {
			"rotation": [30, -135, 0],
			"scale": [0.375, 0.4755, 0.475]
		},
		"fixed": {
			"scale": [0.5, 0.5, 0.5]
		}
	},
	"groups": [
		0,
		1,
		{
			"name": "LeftPaddle",
			"origin": [11, 0, -8],
			"color": 0,
			"children": [2, 3, 4]
		},
		{
			"name": "RightPaddle",
			"origin": [13, 0, 24],
			"color": 0,
			"children": [5, 6, 7]
		}
	]
}