{
	"__comment": "Designed by MSpaceDev with Cubik Studio - https://cubik.studio",
	"textures": {
		"particle": "block/bell_bottom",
		"bar": "block/dark_oak_planks",
		"post": "block/stone",
		"bell": "entity/bell/bell_body"
	},
	"elements": [ 	 
		{
			"__comment": "Element",
			"from": [ 2, 13, 7 ],
			"to": [ 14, 15, 9 ],
			"faces": {
				"down": { "uv": [ 2, 3, 14, 5 ], "texture": "#bar" },
				"up": { "uv": [ 2, 3, 14, 5 ], "texture": "#bar" },
				"north": { "uv": [ 2, 2, 14, 4 ], "texture": "#bar" },
				"south": { "uv": [ 2, 3, 14, 5 ], "texture": "#bar" }
			}
		},
		{
			"__comment": "Element",
			"from": [ 14, 0, 6 ],
			"to": [ 16, 16, 10 ],
			"faces": {
				"down": { "uv": [ 0, 0, 2, 4 ], "texture": "#post", "cullface": "down" },
				"up": { "uv": [ 0, 0, 2, 4 ], "texture": "#post", "cullface": "up" },
				"north": { "uv": [ 0, 1, 2, 16 ], "texture": "#post" },
				"south": { "uv": [ 0, 1, 2, 16 ], "texture": "#post" },
				"west": { "uv": [ 0, 1, 4, 16 ], "texture": "#post" },
				"east": { "uv": [ 0, 1, 4, 16 ], "texture": "#post" }
			}
		},
		{
			"__comment": "Element",
			"from": [ 0, 0, 6 ],
			"to": [ 2, 16, 10 ],
			"faces": {
				"down": { "uv": [ 0, 0, 2, 4 ], "texture": "#post", "cullface": "down" },
				"up": { "uv": [ 0, 0, 2, 4 ], "texture": "#post", "cullface": "up" },
				"north": { "uv": [ 0, 1, 2, 16 ], "texture": "#post" },
				"south": { "uv": [ 0, 1, 2, 16 ], "texture": "#post" },
				"west": { "uv": [ 0, 1, 4, 16 ], "texture": "#post" },
				"east": { "uv": [ 0, 1, 4, 16 ], "texture": "#post" }
			}
		},
		{
			"__comment": "Box4",
			"from": [ 5, 5, 5 ],
			"to": [ 11, 13, 11 ],
			"faces": {
				"down": { "uv": [ 3, 0, 6, 3 ], "texture": "#bell" },
				"up": { "uv": [ 6, 0, 9, 3 ], "texture": "#bell" },
				"north": { "uv": [ 0, 3, 3, 6.5 ], "texture": "#bell" },
				"south": { "uv": [ 3, 3, 6, 6.5 ], "texture": "#bell" },
				"west": { "uv": [ 6, 3, 9, 6.5 ], "texture": "#bell" },
				"east": { "uv": [ 9, 3, 12, 6.5 ], "texture": "#bell" }
			}
		},
		{
			"__comment": "Box4",
			"from": [ 4, 4, 4 ],
			"to": [ 12, 5, 12 ],
			"faces": {
				"down": { "uv": [ 8, 6.5, 12, 10.5 ], "texture": "#bell" },
				"up": { "uv": [ 4, 6.5, 8, 10.5 ], "texture": "#bell" },
				"north": { "uv": [ 0, 10.5, 4, 11.5 ], "texture": "#bell" },
				"south": { "uv": [ 4, 10.5, 8, 11.5 ], "texture": "#bell" },
				"west": { "uv": [ 8, 10.5, 12, 11.5 ], "texture": "#bell" },
				"east": { "uv": [ 12, 10.5, 16, 11.5 ], "texture": "#bell" }
			}
		}
	],
	"display": {
		"thirdperson_righthand": {
			"rotation":  [ 75, 45, 0 ],
			"translation":  [ 0, 2.5, 0 ],
			"scale":  [ 0.375, 0.375, 0.375 ]
		},
		"thirdperson_lefthand": {
			"rotation":  [ 75, 45, 0 ],
			"translation":  [ 0, 2.5, 0 ],
			"scale":  [ 0.375, 0.375, 0.375 ]
		},
		"firstperson_righthand": {
			"rotation":  [ 0, 45, 0 ],
			"scale":  [ 0.4, 0.4, 0.4 ]
		},
		"firstperson_lefthand": {
			"rotation":  [ 0, 45, 0 ],
			"scale":  [ 0.4, 0.4, 0.4 ]
		},
		"gui": {
			"rotation":  [ 30, 225, 0 ],
			"scale":  [ 0.7, 0.7, 0.7 ]
		},
		"ground": {
			"translation":  [ 0, 3, 0 ],
			"scale":  [ 0.25, 0.25, 0.25 ]
		},
		"fixed": {
			"scale":  [ 0.5, 0.5, 0.5 ]
		}
	}
}