{
    "parent": "item/generated",

    "textures": {
        "layer0": "item/bow"
    },

    "display": {
        "thirdperson_righthand": {
            "rotation": [ -80, 260, -40 ],
            "translation": [ 0, -2.1, 2.5 ],
            "scale": [ 0.9, 0.9, 0.9 ]
        },
        "thirdperson_lefthand": {
            "rotation": [ -80, -280, 40 ],
            "translation": [ 0, -2.1, 2.5 ],
            "scale": [ 0.9, 0.9, 0.9 ]
        },
        "firstperson_righthand": {
            "rotation": [ 0, -90, 25 ],
            "translation": [ 1.13, 2, 1.1],
            "scale": [ 0.67, 0.67, 0.67 ]
        },
        "firstperson_lefthand": {
            "rotation": [ 0, 90, -25 ],
            "translation": [ 1.13, 2, 1.1],
            "scale": [ 0.67, 0.67, 0.67 ]
        }
    },

    "overrides": [

        {
            "predicate": {
                "pulling": 1
            },
            "model": "item/bow_pulling_0"
        },
		
        {		
			"predicate": {		
                "pulling": 1,
                "pull": 0.65							
            },
            "model": "item/bow_pulling_1"	
        },

        {	
            "predicate": {		
                "pulling": 1,			
                "pull": 0.95
            },		
            "model": "item/bow_pulling_2"		
        }
    ]
}
