{
    "parent": "item/bow",
    "display": {
        "thirdperson_righthand": {
            "rotation": [ -80, 260, -40 ],
            "translation": [ 0, -2.1, 2.5 ],
            "scale": [ 0.9, 0.9, 0.9 ]
        },	
        "thirdperson_lefthand": {
            "rotation": [ -80, -280, 40 ],
            "translation": [ 0, -2.1, 2.5 ],
            "scale": [ 0.9, 0.9, 0.9 ]
        },
        "firstperson_righthand": {
            "rotation": [ 0, -90, 25 ],
            "translation": [ 2.12, 4, 1.13],
            "scale": [ 0.67, 0.67, 0.67 ]
        },
        "firstperson_lefthand": {
            "rotation": [ 0, 90, -25 ],
            "translation": [ 2.12, 4, 1.13],
            "scale": [ 0.67, 0.67, 0.67 ]
        }
    }
}
