{
    "parent": "block/cake",
    "display": {
        "thirdperson_righthand": {
            "rotation": [ 75, 45, 0 ],
            "translation": [ 0, 3, 0 ],
            "scale": [ 0.4, 0.4, 0.4 ]
        },
        "thirdperson_lefthand": {
            "rotation": [ 75, 45, 0 ],
            "translation": [ 0, 3, 0 ],
            "scale": [ 0.4, 0.4, 0.4 ]
        },
        "firstperson_righthand": {
            "rotation": [ 0, 45, 0 ],
            "translation": [ 0, 1.4, 0 ],
            "scale": [ 0.4, 0.4, 0.4 ]
        },
        "firstperson_lefthand": {
            "rotation": [ 0, 45, 0 ],
            "translation": [ 0, 1.4, 0 ],
            "scale": [ 0.4, 0.4, 0.4 ]
        },
        "gui": {
            "rotation": [ 30, 45, 0 ],
            "translation": [ 0, 0.5, 0 ],
            "scale": [ 0.7, 0.7, 0.7 ]
        },
        "fixed": {
            "rotation": [ 0, 0, 0 ],
            "translation": [ 0, 0, 0 ],
            "scale": [ 0.5, 0.5, 0.5 ]
        },
        "ground": {
            "rotation": [ 0, 0, 0 ],
            "translation": [ 0, 3, 0 ],
            "scale": [ 0.25, 0.25, 0.25 ]
        }
    }
}