{
	"credit": "Made with Blockbench",
	"textures": {
		"particle": "item/minecart",
		"texture": "item/minecart",
		"texture1": "item/chest/normal"
	},
	"elements": [
		{
			"name": "MinecartBase",
			"from": [0, 0, 0],
			"to": [20, 2, 16],
			"faces": {
				"north": {"uv": [0.5, 2.5, 5.5, 3], "texture": "#texture"},
				"east": {"uv": [0, 3, 0.5, 7], "rotation": 270, "texture": "#texture"},
				"south": {"uv": [5.5, 2.5, 10.5, 3], "texture": "#texture"},
				"west": {"uv": [5.5, 3, 6, 7], "rotation": 270, "texture": "#texture"},
				"up": {"uv": [6, 3, 11, 7], "texture": "#texture"},
				"down": {"uv": [0.5, 3, 5.5, 7], "texture": "#texture"}
			}
		},
		{
			"name": "MinecartWest",
			"from": [0, 2, 0],
			"to": [2, 10, 16],
			"faces": {
				"north": {"uv": [4.5, 0.5, 5, 2.5], "texture": "#texture"},
				"east": {"uv": [0.5, 0.5, 4.5, 2.5], "texture": "#texture"},
				"south": {"uv": [0, 0.5, 0.5, 2.5], "texture": "#texture"},
				"west": {"uv": [5, 0.5, 9, 2.5], "texture": "#texture"},
				"up": {"uv": [0.5, 0, 4.5, 0.5], "rotation": 270, "texture": "#texture"}
			}
		},
		{
			"name": "MinecartEast",
			"from": [18, 2, 0],
			"to": [20, 10, 16],
			"faces": {
				"north": {"uv": [4.5, 0.5, 5, 2.5], "texture": "#texture"},
				"east": {"uv": [5, 0.5, 9, 2.5], "texture": "#texture"},
				"south": {"uv": [0, 0.5, 0.5, 2.5], "texture": "#texture"},
				"west": {"uv": [0.5, 0.5, 4.5, 2.5], "texture": "#texture"},
				"up": {"uv": [0.5, 0, 4.5, 0.5], "rotation": 90, "texture": "#texture"}
			}
		},
		{
			"name": "MinecartNorth",
			"from": [2, 2, 0],
			"to": [18, 10, 2],
			"faces": {
				"north": {"uv": [4.75, 0.5, 9, 2.5], "texture": "#texture"},
				"south": {"uv": [0.5, 0.5, 4.5, 2.5], "texture": "#texture"},
				"up": {"uv": [0.5, 0, 4.5, 0.5], "texture": "#texture"}
			}
		},
		{
			"name": "MinecartEast",
			"from": [1.9999, 2, 13.9999],
			"to": [17.9999, 10, 15.9999],
			"faces": {
				"north": {"uv": [0.5, 0.5, 4.5, 2.5], "texture": "#texture"},
				"south": {"uv": [5, 0.5, 9, 2.5], "texture": "#texture"},
				"up": {"uv": [0.5, 0, 4.5, 0.5], "rotation": 180, "texture": "#texture"}
			}
		},
		{
			"name": "ChestBase",
			"from": [5, 5, 3],
			"to": [15, 11, 13],
			"faces": {
				"north": {"uv": [0, 8.25, 3.5, 10.75], "rotation": 180, "texture": "#texture1"},
				"east": {"uv": [10.5, 8.25, 14, 10.75], "rotation": 180, "texture": "#texture1"},
				"south": {"uv": [7, 8.25, 10.5, 10.75], "rotation": 180, "texture": "#texture1"},
				"west": {"uv": [3.5, 8.25, 7, 10.75], "rotation": 180, "texture": "#texture1"},
				"down": {"uv": [7, 0, 10.5, 3.5], "rotation": 270, "texture": "#texture1"}
			}
		},
		{
			"name": "ChestLid",
			"from": [5, 11, 3],
			"to": [15, 14, 13],
			"faces": {
				"north": {"uv": [0, 3.75, 3.5, 4.75], "rotation": 180, "texture": "#texture1"},
				"east": {"uv": [10.5, 3.75, 14, 4.75], "rotation": 180, "texture": "#texture1"},
				"south": {"uv": [7, 3.75, 10.5, 4.75], "rotation": 180, "texture": "#texture1"},
				"west": {"uv": [3.5, 3.75, 7, 4.75], "rotation": 180, "texture": "#texture1"},
				"up": {"uv": [3.5, 4.75, 7, 8.25], "rotation": 90, "texture": "#texture1"}
			}
		},
		{
			"name": "ChestLock",
			"from": [15.25, 9.25, 7.25],
			"to": [16, 11.75, 8.5],
			"faces": {
				"north": {"uv": [1, 0.25, 1.25, 1.25], "rotation": 180, "texture": "#texture1"},
				"east": {"uv": [0.25, 0.25, 0.75, 1.25], "rotation": 180, "texture": "#texture1"},
				"south": {"uv": [1.25, 0.25, 1.5, 1.25], "rotation": 180, "texture": "#texture1"},
				"up": {"uv": [0.25, 0, 0.75, 0.25], "rotation": 270, "texture": "#texture1"},
				"down": {"uv": [0.75, 0, 1.25, 0.25], "rotation": 90, "texture": "#texture1"}
			}
		}
	],
	"display": {
		"thirdperson_righthand": {
			"rotation": [78, 45, 0],
			"translation": [0, 3, 1],
			"scale": [0.325, 0.325, 0.325]
		},
		"thirdperson_lefthand": {
			"rotation": [78, 45, 0],
			"translation": [1, 3.9, 1],
			"scale": [0.325, 0.325, 0.325]
		},
		"firstperson_righthand": {
			"rotation": [0, 45, 0],
			"translation": [0, 0.6256, 0],
			"scale": [0.4, 0.4, 0.4]
		},
		"firstperson_lefthand": {
			"rotation": [0, -135, 0],
			"translation": [0, 0.6256, 0],
			"scale": [0.4, 0.4, 0.4]
		},
		"ground": {
			"translation": [0, 3, 0],
			"scale": [0.25, 0.25, 0.25]
		},
		"gui": {
			"rotation": [30, 225, 0],
			"translation": [0.75, 2, 0],
			"scale": [0.585, 0.585, 0.585]
		},
		"head": {
			"translation": [-1.625, 0.625, 0]
		},
		"fixed": {
			"translation": [-0.75, 0, 0.75],
			"scale": [0.5, 0.5, 0.5]
		}
	}
}