{
    "textures": {
        "crystal": "item/end_crystal"
    },
    "elements": [
	{
	"from": [ 0, 0, 0],
	"to": [ 16, 16, 16],
	"faces": {
		"up": { "uv": [ 4, 0, 8, 4 ], "texture":"#crystal" },
		"down": { "uv": [ 8, 0, 12, 4 ], "texture":"#crystal" },
		"north": { "uv": [ 0, 4, 4, 8 ], "texture":"#crystal" },
		"south": { "uv": [ 4, 4, 8, 8 ], "texture":"#crystal" },
		"west": { "uv": [ 8, 4, 12, 8 ], "texture":"#crystal" },
		"east": { "uv": [ 12, 4, 16, 8 ], "texture":"#crystal" }
	}
},
	{
	"from": [ -2, -2, -2],
	"to": [ 18, 18, 18],
	"faces": {
		"up": { "uv": [ 0, 0, 4, 4 ], "texture":"#crystal" },
		"down": { "uv": [ 0, 0, 4, 4 ], "texture":"#crystal" },
		"north": { "uv": [ 0, 0, 4, 4 ], "texture":"#crystal" },
		"south": { "uv": [ 0, 0, 4, 4 ], "texture":"#crystal" },
		"west": { "uv": [ 0, 0, 4, 4 ], "texture":"#crystal" },
		"east": { "uv": [ 0, 0, 4, 4 ], "texture":"#crystal" }
	}
}

],
    "display": {
        "thirdperson_righthand": {
            "rotation": [ 0, 45, 0 ],
            "translation": [ 0, 1.5, -3.1 ],
            "scale": [ 0.3, 0.3, 0.3 ]
        },
        "thirdperson_lefthand": {
            "rotation": [ 0, 45, 0 ],
            "translation": [ 0, 1.5, -3.1 ],
            "scale": [ 0.3, 0.3, 0.3 ]
        },
        "firstperson_righthand": {
            "rotation": [ 0, -10, 60 ],
            "translation": [ -1, -0.5, 3 ],
            "scale": [ 0.33, 0.33, 0.33 ]
        },
        "firstperson_lefthand": {
            "rotation": [ 0, -10, 60 ],
            "translation": [ -1, -0.5, 3 ],
            "scale": [ 0.33, 0.33, 0.33 ]
        },
        "gui": {
            "rotation": [ 75, 45, 0 ],
            "translation": [ 0, 0, 0 ],
            "scale": [ 0.5, 0.5, 0.5 ]
        },
        "fixed": {
            "rotation": [ 0, 0, 45 ],
            "translation": [ 0, 0, 0 ],
            "scale": [ 0.45, 0.45, 0.45 ]
        },
        "ground": {
            "rotation": [ 75, 45, 0 ],
            "translation": [ 0, 3, 0 ],
            "scale": [ 0.25, 0.25, 0.25 ]
        }
    }
}