{
    "__comment": "Model generated using MrCrayfish's Model Creator (http://mrcrayfish.com/modelcreator/)",
"ambientocclusion": false,
    "textures": {
        "particle": "block/iron_bars",
        "0": "block/iron_bars"
    },
    "elements": [
        {
            "name": "Top",
            "from": [ 7.0, 15.49, 0.0 ], 
            "to": [ 9.0, 15.99, 16.0 ], 
            "faces": {
                "north": { "texture": "#0", "uv": [ 9.0, 0.0, 8.0, 4.0 ], "rotation": 90 },
                "east": { "texture": "#0", "uv": [ 9.0, 0.0, 8.0, 16.0 ], "rotation": 90 },
                "south": { "texture": "#0", "uv": [ 9.0, 0.0, 8.0, 4.0 ], "rotation": 90 },
                "west": { "texture": "#0", "uv": [ 9.0, 0.0, 8.0, 16.0 ], "rotation": 90 },
                "up": { "texture": "#0", "uv": [ 7.0, 0.0, 9.0, 16.0 ], "rotation": 180, "cullface": "up" },
                "down": { "texture": "#0", "uv": [ 9.0, 0.0, 7.0, 16.0 ], "rotation": 180 }
            }
        },
        {
            "name": "Bottom",
            "from": [ 7.0, 0.01, 0.0 ], 
            "to": [ 9.0, 0.5, 16.0 ], 
            "faces": {
                "north": { "texture": "#0", "uv": [ 9.0, 0.0, 8.0, 2.0 ], "rotation": 90 },
                "east": { "texture": "#0", "uv": [ 9.0, 0.0, 8.0, 16.0 ], "rotation": 90 },
                "south": { "texture": "#0", "uv": [ 9.0, 0.0, 8.0, 2.0 ], "rotation": 90 },
                "west": { "texture": "#0", "uv": [ 9.0, 0.0, 8.0, 16.0 ], "rotation": 90 },
                "up": { "texture": "#0", "uv": [ 7.0, 0.0, 9.0, 16.0 ], "rotation": 180 },
                "down": { "texture": "#0", "uv": [ 9.0, 0.0, 7.0, 16.0 ], "rotation": 180 }
            }
        },
        {
            "name": "Left Rod",
            "from": [ 7.5, 0.01, 2.0 ], 
            "to": [ 8.5, 15.99, 4.0 ], 
            "faces": {
                "north": { "texture": "#0", "uv": [ 2.0, 0.0, 3.0, 16.0 ] },
                "east": { "texture": "#0", "uv": [ 12.0, 0.0, 14.0, 16.0 ] },
                "south": { "texture": "#0", "uv": [ 3.0, 0.0, 4.0, 16.0 ] },
                "west": { "texture": "#0", "uv": [ 2.0, 0.0, 4.0, 16.0 ] }
            }
        },
        {
            "name": "Middle Rod",
            "from": [ 7.5, 0.01, 7.0 ], 
            "to": [ 8.5, 15.99, 9.0 ], 
            "faces": {
                "north": { "texture": "#0", "uv": [ 7.0, 0.0, 8.0, 16.0 ] },
                "east": { "texture": "#0", "uv": [ 7.0, 0.0, 9.0, 16.0 ] },
                "south": { "texture": "#0", "uv": [ 8.0, 0.0, 9.0, 16.0 ] },
                "west": { "texture": "#0", "uv": [ 7.0, 0.0, 9.0, 16.0 ] }
            }
        },
        {
            "name": "Right Rod",
            "from": [ 7.5, 0.01, 12.0 ], 
            "to": [ 8.5, 15.99, 14.0 ], 
            "faces": {
                "north": { "texture": "#0", "uv": [ 12.0, 0.0, 13.0, 16.0 ] },
                "east": { "texture": "#0", "uv": [ 2.0, 0.0, 4.0, 16.0 ] },
                "south": { "texture": "#0", "uv": [ 13.0, 0.0, 14.0, 16.0 ] },
                "west": { "texture": "#0", "uv": [ 12.0, 0.0, 14.0, 16.0 ] }
            }
        },
        {
            "name": "MidPiece",
            "from": [ 7.5, 12.0, 4.0 ], 
            "to": [ 8.5, 14.0, 7.0 ], 
            "faces": {
                "east": { "texture": "#0", "uv": [ 4.0, 2.0, 7.0, 4.0 ] },
                "west": { "texture": "#0", "uv": [ 4.0, 2.0, 7.0, 4.0 ] },
                "up": { "texture": "#0", "uv": [ 8.0, 2.0, 9.0, 5.0 ] },
                "down": { "texture": "#0", "uv": [ 8.0, 12.0, 9.0, 15.0 ] }
            }
        },
        {
            "name": "MidPiece2",
            "from": [ 7.5, 2.0, 9.0 ], 
            "to": [ 8.5, 4.0, 12.0 ], 
            "faces": {
                "east": { "texture": "#0", "uv": [ 9.0, 12.0, 12.0, 14.0 ] },
                "west": { "texture": "#0", "uv": [ 9.0, 12.0, 12.0, 14.0 ] },
                "up": { "texture": "#0", "uv": [ 8.0, 2.0, 9.0, 5.0 ], "rotation": 180 },
                "down": { "texture": "#0", "uv": [ 8.0, 12.0, 9.0, 15.0 ], "rotation": 180 }
            }
        },
        {
            "name": "EndPiece",
            "from": [ 7.5, 7.0, 0.0 ], 
            "to": [ 8.5, 9.0, 2.0 ], 
            "faces": {
                "north": { "texture": "#0", "uv": [ 1.0, 7.0, 2.0, 9.000001 ] },
                "east": { "texture": "#0", "uv": [ 0.0, 7.0, 2.0, 9.0 ] },
                "west": { "texture": "#0", "uv": [ 0.0, 7.0, 2.0, 9.0 ] },
                "up": { "texture": "#0", "uv": [ 8.0, 2.0, 9.0, 4.0 ] },
                "down": { "texture": "#0", "uv": [ 8.0, 12.0, 9.0, 14.0 ] }
            }
        },
        {
            "name": "EndPiece2",
            "from": [ 7.5, 7.0, 14.0 ], 
            "to": [ 8.5, 9.0, 16.0 ], 
            "faces": {
                "east": { "texture": "#0", "uv": [ 14.0, 7.0, 16.0, 9.0 ] },
                "south": { "texture": "#0", "uv": [ 15.0, 7.0, 16.0, 9.0 ] },
                "west": { "texture": "#0", "uv": [ 14.0, 7.0, 16.0, 9.0 ] },
                "up": { "texture": "#0", "uv": [ 8.0, 2.0, 9.0, 4.0 ], "rotation": 180 },
                "down": { "texture": "#0", "uv": [ 8.0, 12.0, 9.0, 14.0 ], "rotation": 180 }
            }
        }
    ],
	"display": {
		"thirdperson_righthand": {
			"rotation":  [ 0, 0, 0 ],
			"translation":  [ 0, 1.5, 1 ],
			"scale":  [ 0.375, 0.375, 0.375 ]
		},
		"thirdperson_lefthand": {
			"rotation":  [ 0, 0, 0 ],
			"translation":  [ 0, 1.5, 1 ],
			"scale":  [ 0.375, 0.375, 0.375 ]
		},
		"firstperson_righthand": {
			"rotation":  [ 0, 45, 0 ],
			"translation":  [ 0, 0, 0 ],
			"scale":  [ 0.375, 0.375, 0.375 ]
		},
		"firstperson_lefthand": {
			"rotation":  [ 0, 45, 0 ],
			"translation":  [ 0, 0, 0 ],
			"scale":  [ 0.375, 0.375, 0.375 ]
		},
        	"gui": {
            		"rotation": [ 30, -45, 0 ],
            		"translation": [ 0, 0, 0 ],
            		"scale": [ 0.75, 0.75, 0.75 ]
        	},
        	"ground": {
            		"rotation": [ 0, 0, 0 ],
            		"translation": [ 0, 3, 0 ],
            		"scale": [ 0.25, 0.25, 0.25 ]
        }
    }
}