{
    "parent": "block/lever",
    "display": {
        "thirdperson_righthand": {
            "rotation": [ 90, 45, 0 ],
            "translation": [ 0, 1.5, 3 ],
            "scale": [ 0.5, 0.5, 0.5 ]
        },
        "thirdperson_lefthand": {
            "rotation": [ 90, 45, 0 ],
            "translation": [ 0, 1.5, 3 ],
            "scale": [ 0.5, 0.5, 0.5 ]
        },
        "firstperson_righthand": {
            "rotation": [ 0, 0, 0 ],
            "translation": [ 1, 2, 0 ],
            "scale": [ 0.5, 0.5, 0.5 ]
        },
        "firstperson_lefthand": {
            "rotation": [ 0, 0, 0 ],
            "translation": [ 1, 2, 0 ],
            "scale": [ 0.5, 0.5, 0.5 ]
        },
        "gui": {
            "rotation": [ 30, 45, 0 ],
            "translation": [ 0, 2.9, 0 ],
            "scale": [ 1.1, 1.1, 1.1 ]
        },
        "fixed": {
            "rotation": [ 90, 0, 180 ],
            "translation": [ 0, 0, -4.75 ],
            "scale": [ 0.7, 0.7, 0.7 ]
        },
        "ground": {
            "rotation": [ 0, 0, 0 ],
            "translation": [ 0, 2.2, 0 ],
            "scale": [ 0.4, 0.4, 0.4 ]
        }
    }
}