{
    "parent": "block/oak_fence_gate",
    "display": {
        "thirdperson_righthand": {
            "rotation": [ 75, 135, 0 ],
            "translation": [ -1.5, 2.0, 0],
            "scale": [ 0.375, 0.375, 0.375 ]
        },
        "thirdperson_lefthand": {
            "rotation": [ 75, 135, 0 ],
            "translation": [ -1.5, 2.0, 0],
            "scale": [ 0.375, 0.375, 0.375 ]
        },
        "firstperson_righthand": {
            "rotation": [ 0, 135, 0 ],
            "translation": [ 0, -0.5, 0 ],
            "scale": [ 0.40, 0.40, 0.40 ]
        },
        "firstperson_lefthand": {
            "rotation": [ 0, -45, 0 ],
            "translation": [ 0, -0.5, 0 ],
            "scale": [ 0.40, 0.40, 0.40 ]
        }
    }
}

