{
    "parent": "block/repeater_1tick",
    "display": {
        "thirdperson_righthand": {
            "rotation": [ 75, -45, 0 ],
            "translation": [ 0, 3, 2 ],
            "scale": [ 0.4, 0.4, 0.4 ]
        },
        "thirdperson_lefthand": {
            "rotation": [ 75, -45, 0 ],
            "translation": [ 0, 3, 2 ],
            "scale": [ 0.4, 0.4, 0.4 ]
        },
        "firstperson_righthand": {
            "rotation": [ 0, -45, 0 ],
            "translation": [ 0.5, 2.4, 0 ],
            "scale": [ 0.4, 0.4, 0.4 ]
        },
        "firstperson_lefthand": {
            "rotation": [ 1, -45, 0 ],
            "translation": [ 0.5, 2.4, 0 ],
            "scale": [ 0.4, 0.4, 0.4 ]
        },
        "gui": {
            "rotation": [ 30, 45, 0 ],
            "translation": [ 0, 0, 0 ],
            "scale": [ 0.625, 0.625, 0.625 ]
        },
        "fixed": {
            "rotation": [ 90, 0, 180 ],
            "translation": [ 0, 0, -3.0 ],
            "scale": [ 0.5, 0.5, 0.5 ]
        },
        "ground": {
            "rotation": [ 0, 0, 0 ],
            "translation": [ 0, 3, 0 ],
            "scale": [ 0.25, 0.25, 0.25 ]
        }
    }
}