{
	"credit": "Model generated using MrCrayfish's Model Creator (http://mrcrayfish.com/modelcreator/)",
	"textures": {
		"0": "block/sign",
		"particle": "block/sign"
	},
	"elements": [
		{
			"name": "Sign",
			"from": [0, 6, 7.5],
			"to": [16, 14, 8.5],
			"faces": {
				"north": {"uv": [0.5, 0.5, 6.5, 3.5], "texture": "#0"},
				"east": {"uv": [0, 0.5, 0.5, 3.5], "texture": "#0"},
				"south": {"uv": [7, 0.5, 12.5, 3.5], "texture": "#0"},
				"west": {"uv": [6.5, 0.5, 7, 3.5], "texture": "#0"},
				"up": {"uv": [0.5, 0, 6.5, 0.5], "rotation": 180, "texture": "#0"},
				"down": {"uv": [6.5, 0, 12.5, 0.5], "texture": "#0"}
			}
		},
		{
			"name": "Post",
			"from": [7.5, 0, 7.5],
			"to": [8.5, 6, 8.5],
			"faces": {
				"north": {"uv": [0.5, 4, 1, 7.5], "texture": "#0"},
				"east": {"uv": [0, 4, 0.5, 7.5], "texture": "#0"},
				"south": {"uv": [1.5, 4, 2, 7.5], "texture": "#0"},
				"west": {"uv": [1, 4, 1.5, 7.5], "texture": "#0"},
				"up": {"uv": [0.5, 3.5, 1, 4], "rotation": 90, "texture": "#0"},
				"down": {"uv": [1, 3.5, 1.5, 4], "texture": "#0"}
			}
		}
	],
	"display": {
		"thirdperson_righthand": {
			"rotation": [-180, 15, 180],
			"translation": [0, 1.5, 1],
			"scale": [0.5, 0.5, 0.5]
		},
		"thirdperson_lefthand": {
			"rotation": [180, 15, -180],
			"translation": [0, 1.5, 1],
			"scale": [0.5, 0.5, 0.5]
		},
		"firstperson_righthand": {
			"rotation": [0, 135, 0],
			"translation": [0, 1, 0],
			"scale": [0.4, 0.4, 0.4]
		},
		"firstperson_lefthand": {
			"rotation": [0, 135, 0],
			"translation": [0, 1, 0],
			"scale": [0.4, 0.4, 0.4]
		},
		"ground": {
			"translation": [0, 1.3, 0],
			"scale": [0.33, 0.33, 0.33]
		},
		"gui": {
			"rotation": [30, 135, 0],
			"scale": [0.9, 0.9, 0.9]
		},
		"fixed": {
			"translation": [0, 0, -0.25]
		}
	}
}