{
	"credit": "Created by Stridey",
	"parent": "block/block",
	"textures": {
		"particle": "block/sniffer_egg_not_cracked_north",
		"north": "block/sniffer_egg_not_cracked_north",
		"east": "block/sniffer_egg_not_cracked_east",
		"south": "block/sniffer_egg_not_cracked_south",
		"west": "block/sniffer_egg_not_cracked_west",
		"top": "block/sniffer_egg_not_cracked_top",
		"bottom": "block/sniffer_egg_not_cracked_bottom"
	},
	"elements": [
		{
			"from": [1, 0, 2],
			"to": [15, 16, 14],
			"faces": {
				"north": {"uv": [0, 0, 14, 16], "texture": "#north"},
				"east": {"uv": [0, 0, 12, 16], "texture": "#east"},
				"south": {"uv": [0, 0, 14, 16], "texture": "#south"},
				"west": {"uv": [0, 0, 12, 16], "texture": "#west"},
				"up": {"uv": [0, 0, 14, 12], "texture": "#top", "cullface": "up"},
				"down": {"uv": [0, 0, 14, 12], "texture": "#bottom", "cullface": "down"}
			}
		}
	],
	    "display": {
        "gui": {
            "rotation": [ 30, 225, 0 ],
            "translation": [ 0, -0.5, 0],
            "scale":[ 0.625, 0.625, 0.625 ]
        },
        "ground": {
            "rotation": [ 0, 0, 0 ],
            "translation": [ 0, 1.3, 0],
            "scale":[ 0.25, 0.25, 0.25 ]
        },
        "fixed": {
            "rotation": [ 0, 0, 0 ],
            "translation": [ 0, 0, 0],
            "scale":[ 0.5, 0.5, 0.5 ]
        },
        "thirdperson_righthand": {
            "rotation": [ 75, 45, 0 ],
            "translation": [ 0, 2.5, 0],
            "scale": [ 0.375, 0.375, 0.375 ]
        },
        "thirdperson_lefthand": {
            "rotation": [ 75, 45, 0 ],
            "translation": [ 0, 2.5, 0],
            "scale": [ 0.375, 0.375, 0.375 ]
        },
        "firstperson_righthand": {
            "rotation": [ 0, 45, 0 ],
            "translation": [ 0, -0.2, 0 ],
            "scale": [ 0.40, 0.40, 0.40 ]
        },
        "firstperson_lefthand": {
            "rotation": [ 0, 225, 0 ],
            "translation": [ 0, -0.2, 0 ],
            "scale": [ 0.40, 0.40, 0.40 ]
        }
    }
}