{
    "parent": "block/soul_torch",
    "textures": {
        "torch": "block/soul_torch"
    },
    "display": {
        "thirdperson_righthand": {
            "rotation": [ 0, 0, 0 ],
            "translation": [ 0, 2.75, 0.6 ],
            "scale": [ 0.55, 0.55, 0.55 ]
        },
        "thirdperson_lefthand": {
            "rotation": [ 0, 0, 0 ],
            "translation": [ 0, 2.75, 0.6 ],
            "scale": [ 0.55, 0.55, 0.55 ]
        },
        "firstperson_righthand": {
            "rotation": [ -25, 0, 0 ],
            "translation": [ 0, 3, 0 ],
            "scale": [ 0.5, 0.5, 0.5 ]
        },
        "firstperson_lefthand": {
            "rotation": [ -25, 0, 0 ],
            "translation": [ 0, 3, 0 ],
            "scale": [ 0.5, 0.5, 0.5 ]
        },
        "gui": {
            "rotation": [ 30, 45, 0 ],
            "translation": [ 0, 1.4, 0 ],
            "scale": [ 1.2, 1.2, 1.2 ]
        },
        "fixed": {
            "rotation": [ 0, 0, 0 ],
            "translation": [ 0, 0, 0 ],
            "scale": [ 0.7, 0.7, 0.7 ]
        },
        "ground": {
            "rotation": [ 0, 0, 0 ],
            "translation": [ 0, 2.2, 0 ],
            "scale": [ 0.4, 0.4, 0.4 ]
        }
    }
}