{
    "parent": "block/tripwire_hook",
    "display": {
        "gui": {
            "rotation": [ 30, 225, 0 ],
            "translation": [ 4, 0, 0 ],
            "scale": [ 1.2, 1.2, 1.2 ]
        },
        "ground": {
            "rotation": [ 0, 0, 0 ],
            "translation": [ 0, 1.8, -2.5 ],
            "scale": [ 0.4, 0.4, 0.4 ]
        },
        "fixed": {
            "rotation": [ 0, 0, 0 ],
            "translation": [ 0, 2, -4.75 ],
            "scale": [ 0.7, 0.7, 0.7 ]
        },
        "thirdperson_righthand": {
            "rotation": [ 90, 135, 0 ],
            "translation": [ -3.2, -1.5, -0.35 ],
            "scale": [ 0.375, 0.375, 0.375 ]
        },
        "thirdperson_lefthand": {
            "rotation": [ 90, 135, 0 ],
            "translation": [ -3.2, -1.5, -0.35 ],
            "scale": [ 0.375, 0.375, 0.375 ]
        },
        "firstperson_righthand": {
            "rotation": [ 0, 135, 0 ],
            "translation": [ 0, 1.5, 0 ],
            "scale": [ 0.4, 0.4, 0.4 ]
        },
        "firstperson_lefthand": {
            "rotation": [ 0, 135, 0 ],
            "translation": [ 0, 1.5, 0 ],
            "scale": [ 0.4, 0.4, 0.4 ]
        }
    }
}