{
	"credit": "Model generated using MrCrayfish's Model Creator (http://mrcrayfish.com/modelcreator/)",
	"textures": {
		"0": "block/acacia_door_top",
		"particle": "block/acacia_door_top"
	},
	"elements": [
		{
			"name": "Left End",
			"from": [0, 0, 0],
			"to": [3, 16, 3],
			"faces": {
				"north": {"uv": [3, 0, 0, 16], "texture": "#0", "cullface": "north"},
				"east": {"uv": [13, 0, 16, 16], "texture": "#0"},
				"south": {"uv": [16, 0, 13, 16], "texture": "#0"},
				"west": {"uv": [16, 0, 13, 16], "texture": "#0", "cullface": "west"},
				"up": {"uv": [13, 3, 16, 0], "rotation": 270, "texture": "#0", "cullface": "up"}
			}
		},
		{
			"name": "Right End",
			"from": [0, 0, 13],
			"to": [3, 16, 16],
			"faces": {
				"north": {"uv": [3, 0, 0, 16], "texture": "#0"},
				"east": {"uv": [0, 0, 3, 16], "texture": "#0"},
				"south": {"uv": [0, 0, 3, 16], "texture": "#0", "cullface": "south"},
				"west": {"uv": [3, 0, 0, 16], "texture": "#0", "cullface": "west"},
				"up": {"uv": [0, 0, 3, 3], "rotation": 180, "texture": "#0", "cullface": "up"}
			}
		},
		{
			"name": "Door Top",
			"from": [0, 13, 3],
			"to": [3, 16, 13],
			"faces": {
				"east": {"uv": [13, 0, 3, 3], "texture": "#0"},
				"west": {"uv": [13, 0, 3, 3], "texture": "#0", "cullface": "west"},
				"up": {"uv": [13, 3, 3, 0], "rotation": 270, "texture": "#0", "cullface": "up"},
				"down": {"uv": [3, 0, 13, 3], "rotation": 90, "texture": "#0"}
			}
		},
		{
			"name": "Left Bar",
			"from": [0.5, 1, 5],
			"to": [2.5, 13, 7],
			"faces": {
				"north": {"uv": [11, 3, 9, 15], "texture": "#0"},
				"east": {"uv": [9, 3, 11, 15], "texture": "#0"},
				"south": {"uv": [11, 3, 9, 15], "texture": "#0"},
				"west": {"uv": [11, 3, 9, 15], "texture": "#0", "cullface": "west"}
			}
		},
		{
			"name": "Right Bar",
			"from": [0.5, 1, 9],
			"to": [2.5, 13, 11],
			"faces": {
				"north": {"uv": [7, 3, 5, 15], "texture": "#0"},
				"east": {"uv": [5, 3, 7, 15], "texture": "#0"},
				"south": {"uv": [7, 3, 5, 15], "texture": "#0"},
				"west": {"uv": [7, 3, 5, 15], "texture": "#0", "cullface": "west"}
			}
		},
		{
			"name": "Bottom",
			"from": [0, 0, 3],
			"to": [3, 1, 13],
			"faces": {
				"east": {"uv": [3, 15, 13, 16], "texture": "#0"},
				"west": {"uv": [13, 15, 3, 16], "texture": "#0", "cullface": "west"},
				"up": {"uv": [3, 3, 13, 0], "rotation": 270, "texture": "#0"}
			}
		}
	]
}