{
    "__comment": "Model generated using MrCrayfish's Model Creator (http://mrcrayfish.com/modelcreator/)",
    "textures": {
        "particle": "block/acacia_trapdoor",
        "0": "block/acacia_trapdoor"
    },
    "elements": [
        {
            "name": "West",
            "from": [ 0.0, 13.0, 3.0 ], 
            "to": [ 2.0, 16.0, 13.0 ], 
            "faces": {
                "east": { "texture": "#0", "uv": [ 3.0, 0.0, 13.0, 3.0 ] },
                "west": { "texture": "#0", "uv": [ 3.0, 0.0, 13.0, 3.0 ] },
                "up": { "texture": "#0", "uv": [ 0.0, 3.0, 2.0, 13.0 ] },
                "down": { "texture": "#0", "uv": [ 0.0, 3.0, 2.0, 13.0 ] }
            }
        },
        {
            "name": "East",
            "from": [ 14.0, 13.0, 3.0 ], 
            "to": [ 16.0, 16.0, 13.0 ], 
            "faces": {
                "east": { "texture": "#0", "uv": [ 3.0, 0.0, 13.0, 3.0 ] },
                "west": { "texture": "#0", "uv": [ 3.0, 0.0, 13.0, 3.0 ] },
                "up": { "texture": "#0", "uv": [ 14.0, 3.0, 16.0, 13.0 ] },
                "down": { "texture": "#0", "uv": [ 14.0, 3.0, 16.0, 13.0 ] }
            }
        },
        {
            "name": "North",
            "from": [ 0.0, 13.0, 0.0 ], 
            "to": [ 16.0, 16.0, 3.0 ], 
            "faces": {
                "north": { "texture": "#0", "uv": [ 0.0, 0.0, 16.0, 3.0 ] },
                "east": { "texture": "#0", "uv": [ 13.0, 0.0, 16.0, 3.0 ] },
                "south": { "texture": "#0", "uv": [ 0.0, 0.0, 16.0, 3.0 ] },
                "west": { "texture": "#0", "uv": [ 0.0, 0.0, 3.0, 3.0 ] },
                "up": { "texture": "#0", "uv": [ 0.0, 16.0, 16.0, 13.0 ] },
                "down": { "texture": "#0", "uv": [ 0.0, 13.0, 16.0, 16.0 ] }
            }
        },
        {
            "name": "South",
            "from": [ 0.0, 13.0, 13.0 ], 
            "to": [ 16.0, 16.0, 16.0 ], 
            "faces": {
                "north": { "texture": "#0", "uv": [ 0.0, 0.0, 16.0, 3.0 ] },
                "east": { "texture": "#0", "uv": [ 0.0, 0.0, 3.0, 3.0 ] },
                "south": { "texture": "#0", "uv": [ 0.0, 0.0, 16.0, 3.0 ] },
                "west": { "texture": "#0", "uv": [ 13.0, 0.0, 16.0, 3.0 ] },
                "up": { "texture": "#0", "uv": [ 0.0, 3.0, 16.0, 0.0 ] },
                "down": { "texture": "#0", "uv": [ 0.0, 0.0, 16.0, 3.0 ] }
            }
        },
        {
            "name": "Left Bar",
            "from": [ 4.0, 13.0, 3.0 ], 
            "to": [ 7.0, 16.0, 13.0 ], 
            "faces": {
                "east": { "texture": "#0", "uv": [ 0.0, 0.0, 10.0, 3.0 ] },
                "west": { "texture": "#0", "uv": [ 0.0, 0.0, 10.0, 3.0 ] },
                "up": { "texture": "#0", "uv": [ 4.0, 13.0, 7.0, 3.0 ] },
                "down": { "texture": "#0", "uv": [ 4.0, 3.0, 7.0, 13.0 ] }
            }
        },
        {
            "name": "Right Bar",
            "from": [ 9.0, 13.0, 3.0 ], 
            "to": [ 12.0, 16.0, 13.0 ], 
            "faces": {
                "east": { "texture": "#0", "uv": [ 0.0, 0.0, 10.0, 3.0 ] },
                "west": { "texture": "#0", "uv": [ 0.0, 0.0, 10.0, 3.0 ] },
                "up": { "texture": "#0", "uv": [ 9.0, 13.0, 12.0, 3.0 ] },
                "down": { "texture": "#0", "uv": [ 9.0, 3.0, 12.0, 13.0 ] }
            }
        }
    ]
}