{
	"credit": "Model generated using MrCrayfish's Model Creator (http://mrcrayfish.com/modelcreator/)",
	"textures": {
		"0": "block/acacia_door_bottom",
		"particle": "block/acacia_door_bottom"
	},
	"elements": [
		{
			"name": "Left End",
			"from": [0, 0, 0],
			"to": [3, 16, 3],
			"faces": {
				"north": {"uv": [3, 0, 0, 16], "texture": "#0", "cullface": "north"},
				"east": {"uv": [13, 0, 16, 16], "texture": "#0"},
				"south": {"uv": [16, 0, 13, 16], "texture": "#0"},
				"west": {"uv": [16, 0, 13, 16], "texture": "#0", "cullface": "west"},
				"down": {"uv": [16, 13, 13, 16], "rotation": 270, "texture": "#0", "cullface": "down"}
			}
		},
		{
			"name": "Right End",
			"from": [0, 0, 13],
			"to": [3, 16, 16],
			"faces": {
				"north": {"uv": [3, 0, 0, 16], "texture": "#0"},
				"east": {"uv": [0, 0, 3, 16], "texture": "#0"},
				"south": {"uv": [0, 0, 3, 16], "texture": "#0", "cullface": "south"},
				"west": {"uv": [3, 0, 0, 16], "texture": "#0", "cullface": "west"},
				"down": {"uv": [3, 13, 0, 16], "rotation": 270, "texture": "#0", "cullface": "down"}
			}
		},
		{
			"name": "Bottom",
			"from": [0, 0, 3],
			"to": [3, 3, 13],
			"faces": {
				"east": {"uv": [3, 13, 13, 16], "texture": "#0"},
				"west": {"uv": [13, 13, 3, 16], "texture": "#0", "cullface": "west"},
				"up": {"uv": [3, 16, 13, 13], "rotation": 270, "texture": "#0"},
				"down": {"uv": [13, 13, 3, 16], "rotation": 270, "texture": "#0", "cullface": "down"}
			}
		},
		{
			"name": "Top",
			"from": [0, 15, 3],
			"to": [3, 16, 13],
			"faces": {
				"east": {"uv": [3, 0, 13, 1], "texture": "#0"},
				"west": {"uv": [13, 0, 3, 1], "texture": "#0", "cullface": "west"},
				"down": {"uv": [13, 13, 3, 16], "rotation": 90, "texture": "#0"}
			}
		},
		{
			"name": "Left Bar",
			"from": [0.5, 3, 5],
			"to": [2.5, 15, 7],
			"faces": {
				"north": {"uv": [11, 1, 9, 13], "texture": "#0"},
				"east": {"uv": [9, 1, 11, 13], "texture": "#0"},
				"south": {"uv": [11, 1, 9, 13], "texture": "#0"},
				"west": {"uv": [11, 1, 9, 13], "texture": "#0", "cullface": "west"}
			}
		},
		{
			"name": "Right Bar",
			"from": [0.5, 3, 9],
			"to": [2.5, 15, 11],
			"faces": {
				"north": {"uv": [7, 1, 5, 13], "texture": "#0"},
				"east": {"uv": [5, 1, 7, 13], "texture": "#0"},
				"south": {"uv": [7, 1, 5, 13], "texture": "#0"},
				"west": {"uv": [7, 1, 5, 13], "texture": "#0", "cullface": "west"}
			}
		}
	]
}