{
    "__comment": "Model generated using MrCrayfish's Model Creator (http://mrcrayfish.com/modelcreator/)",
    "textures": {
		"particle": "block/acacia_door_bottom",
        "0": "block/acacia_door_bottom"
    },
    "elements": [
        {
            "name": "Left End",
            "from": [ 0.0, 0.0, 0.0 ], 
            "to": [ 3.0, 16.0, 3.0 ], 
            "faces": {
                "north": { "texture": "#0", "uv": [ 3.0, 0.0, 0.0, 16.0 ], "cullface": "north" },
                "east": { "texture": "#0", "uv": [ 13.0, 0.0, 16.0, 16.0 ] },
                "south": { "texture": "#0", "uv": [ 13.0, 0.0, 16.0, 16.0 ] },
                "west": { "texture": "#0", "uv": [ 16.0, 0.0, 13.0, 16.0 ], "cullface": "west" },
                "down": { "texture": "#0", "uv": [ 16.0, 13.0, 13.0, 16.0 ], "rotation": 270, "cullface": "down" }
            }
        },
        {
            "name": "Right End",
            "from": [ 0.0, 0.0, 13.0 ], 
            "to": [ 3.0, 16.0, 16.0 ], 
            "faces": {
                "north": { "texture": "#0", "uv": [ 0.0, 0.0, 3.0, 16.0 ] },
                "east": { "texture": "#0", "uv": [ 0.0, 0.0, 3.0, 16.0 ] },
                "south": { "texture": "#0", "uv": [ 0.0, 0.0, 3.0, 16.0 ], "cullface": "south" },
                "west": { "texture": "#0", "uv": [ 3.0, 0.0, 0.0, 16.0 ], "cullface": "west" },
                "down": { "texture": "#0", "uv": [ 3.0, 13.0, 0.0, 16.0 ], "rotation": 270, "cullface": "down" }
            }
        },
        {
            "name": "Bottom",
            "from": [ 0.0, 0.0, 3.0 ], 
            "to": [ 3.0, 3.0, 13.0 ], 
            "faces": {
                "east": { "texture": "#0", "uv": [ 3.0, 13.0, 13.0, 16.0 ] },
                "west": { "texture": "#0", "uv": [ 13.0, 13.0, 3.0, 16.0 ], "cullface": "west" },
                "up": { "texture": "#0", "uv": [ 3.0, 13.0, 13.0, 16.0 ], "rotation": 270 },
                "down": { "texture": "#0", "uv": [ 13.0, 13.0, 3.0, 16.0 ], "rotation": 270, "cullface": "down" }
            }
        },
        {
            "name": "Top",
            "from": [ 0.0, 15.0, 3.0 ], 
            "to": [ 3.0, 16.0, 13.0 ], 
            "faces": {
                "east": { "texture": "#0", "uv": [ 3.0, 0.0, 13.0, 1.0 ] },
                "west": { "texture": "#0", "uv": [ 13.0, 0.0, 3.0, 1.0 ], "cullface": "west" },
                "down": { "texture": "#0", "uv": [ 13.0, 13.0, 3.0, 16.0 ], "rotation": 270 }
            }
        },
        {
            "name": "Left Bar",
            "from": [ 0.5, 3.0, 5.0 ], 
            "to": [ 2.5, 15.0, 7.0 ], 
            "faces": {
                "north": { "texture": "#0", "uv": [ 9.0, 1.0, 11.0, 13.0 ] },
                "east": { "texture": "#0", "uv": [ 9.0, 1.0, 11.0, 13.0 ] },
                "south": { "texture": "#0", "uv": [ 9.0, 1.0, 11.0, 13.0 ] },
                "west": { "texture": "#0", "uv": [ 11.0, 1.0, 9.0, 13.0 ], "cullface": "west" }
            }
        },
        {
            "name": "Right Bar",
            "from": [ 0.5, 3.0, 9.0 ], 
            "to": [ 2.5, 15.0, 11.0 ], 
            "faces": {
                "north": { "texture": "#0", "uv": [ 5.0, 1.0, 7.0, 13.0 ] },
                "east": { "texture": "#0", "uv": [ 5.0, 1.0, 7.0, 13.0 ] },
                "south": { "texture": "#0", "uv": [ 5.0, 1.0, 7.0, 13.0 ] },
                "west": { "texture": "#0", "uv": [ 7.0, 1.0, 5.0, 13.0 ], "cullface": "west" }
            }
        }
    ]
}