{
	"credit": "Made with Blockbench",
	"parent": "block/thin_block",
	"textures": {
		"0": "block/bamboo_trapdoor",
		"particle": "block/bamboo_trapdoor"
	},
	"elements": [
		{
			"name": "West",
			"from": [0, 0, 3],
			"to": [3, 3, 13],
			"faces": {
				"east": {"uv": [3, 13, 13, 16], "texture": "#0"},
				"west": {"uv": [3, 0, 13, 3], "texture": "#0", "cullface": "west"},
				"up": {"uv": [0, 3, 3, 13], "texture": "#0"},
				"down": {"uv": [0, 3, 2, 13], "texture": "#0", "cullface": "down"}
			}
		},
		{
			"name": "East",
			"from": [13, 0, 3],
			"to": [16, 3, 13],
			"faces": {
				"east": {"uv": [3, 0, 13, 3], "texture": "#0", "cullface": "east"},
				"west": {"uv": [13, 3, 16, 13], "rotation": 90, "texture": "#0"},
				"up": {"uv": [13, 3, 16, 13], "texture": "#0"},
				"down": {"uv": [14, 3, 16, 13], "texture": "#0", "cullface": "down"}
			}
		},
		{
			"name": "North",
			"from": [0, 0, 0],
			"to": [16, 3, 3],
			"faces": {
				"north": {"uv": [0, 0, 16, 3], "texture": "#0", "cullface": "north"},
				"east": {"uv": [13, 0, 16, 3], "texture": "#0", "cullface": "east"},
				"south": {"uv": [0, 13, 16, 16], "texture": "#0"},
				"west": {"uv": [0, 0, 3, 3], "texture": "#0", "cullface": "west"},
				"up": {"uv": [0, 16, 16, 13], "texture": "#0"},
				"down": {"uv": [0, 13, 16, 16], "texture": "#0", "cullface": "down"}
			}
		},
		{
			"name": "South",
			"from": [0, 0, 13],
			"to": [16, 3, 16],
			"faces": {
				"north": {"uv": [0, 0, 16, 3], "rotation": 180, "texture": "#0"},
				"east": {"uv": [0, 0, 3, 3], "texture": "#0", "cullface": "east"},
				"south": {"uv": [0, 0, 16, 3], "texture": "#0", "cullface": "south"},
				"west": {"uv": [13, 0, 16, 3], "texture": "#0", "cullface": "west"},
				"up": {"uv": [0, 3, 16, 0], "texture": "#0"},
				"down": {"uv": [0, 0, 16, 3], "texture": "#0", "cullface": "down"}
			}
		},
		{
			"name": "NS_0",
			"from": [4, 1.001, 3],
			"to": [5, 2.999, 13],
			"faces": {
				"east": {"uv": [3, 1, 13, 3], "texture": "#0"},
				"west": {"uv": [3, 1, 13, 3], "texture": "#0"},
				"up": {"uv": [4, 13, 5, 3], "texture": "#0"},
				"down": {"uv": [4, 3, 5, 13], "texture": "#0", "cullface": "down"}
			}
		},
		{
			"name": "NS_1",
			"from": [6, 1, 3],
			"to": [7, 3, 7],
			"faces": {
				"east": {"uv": [3, 1, 7, 3], "texture": "#0"},
				"south": {"uv": [6, 3, 7, 1], "texture": "#0"},
				"west": {"uv": [13, 3, 15, 7], "texture": "#0"},
				"up": {"uv": [6, 7, 7, 3], "texture": "#0"},
				"down": {"uv": [6, 9, 7, 13], "texture": "#0", "cullface": "down"}
			}
		},
		{
			"name": "NS_2",
			"from": [9, 1, 3],
			"to": [10, 3, 7],
			"faces": {
				"east": {"uv": [13, 9, 15, 13], "rotation": 270, "texture": "#0"},
				"south": {"uv": [9, 1, 10, 3], "texture": "#0"},
				"west": {"uv": [1, 9, 3, 13], "texture": "#0"},
				"up": {"uv": [9, 7, 10, 3], "texture": "#0"},
				"down": {"uv": [9, 9, 10, 13], "texture": "#0", "cullface": "down"}
			}
		},
		{
			"name": "NS_3",
			"from": [6, 1, 9],
			"to": [7, 3, 13],
			"faces": {
				"north": {"uv": [9, 1, 10, 3], "texture": "#0"},
				"east": {"uv": [13, 3, 15, 7], "rotation": 90, "texture": "#0"},
				"west": {"uv": [1, 3, 3, 7], "texture": "#0"},
				"up": {"uv": [9, 7, 10, 3], "texture": "#0"},
				"down": {"uv": [6, 3, 7, 7], "texture": "#0", "cullface": "down"}
			}
		},
		{
			"name": "NS_4",
			"from": [9, 1, 9],
			"to": [10, 3, 13],
			"faces": {
				"north": {"uv": [6, 1, 7, 3], "texture": "#0"},
				"east": {"uv": [13, 9, 15, 13], "texture": "#0"},
				"west": {"uv": [1, 3, 3, 7], "rotation": 90, "texture": "#0"},
				"up": {"uv": [11, 7, 12, 3], "texture": "#0"},
				"down": {"uv": [9, 3, 10, 7], "texture": "#0", "cullface": "down"}
			}
		},
		{
			"name": "NS_5",
			"from": [11, 1.001, 3],
			"to": [12, 2.999, 13],
			"faces": {
				"east": {"uv": [3, 1, 13, 3], "texture": "#0"},
				"west": {"uv": [3, 1, 13, 3], "texture": "#0"},
				"up": {"uv": [11, 13, 12, 3], "texture": "#0"},
				"down": {"uv": [11, 3, 12, 13], "texture": "#0", "cullface": "down"}
			}
		},
		{
			"name": "WE_0",
			"from": [3, 1.002, 11],
			"to": [13, 2.998, 12],
			"faces": {
				"north": {"uv": [3, 13, 13, 15], "texture": "#0"},
				"south": {"uv": [3, 1, 13, 3], "texture": "#0"},
				"up": {"uv": [13, 4, 3, 5], "texture": "#0"},
				"down": {"uv": [3, 4, 13, 5], "texture": "#0", "cullface": "down"}
			}
		},
		{
			"name": "WE_1",
			"from": [10, 1, 9],
			"to": [13, 3, 10],
			"faces": {
				"north": {"uv": [3, 1, 6, 3], "texture": "#0"},
				"south": {"uv": [3, 1, 5, 3], "texture": "#0"},
				"up": {"uv": [6, 6, 3, 7], "texture": "#0"},
				"down": {"uv": [10, 6, 13, 7], "texture": "#0", "cullface": "down"}
			}
		},
		{
			"name": "WE_2",
			"from": [3, 1, 9],
			"to": [6, 3, 10],
			"faces": {
				"north": {"uv": [10, 13, 13, 15], "texture": "#0"},
				"south": {"uv": [10, 1, 13, 3], "texture": "#0"},
				"up": {"uv": [13, 6, 10, 7], "texture": "#0"},
				"down": {"uv": [3, 6, 6, 7], "texture": "#0", "cullface": "down"}
			}
		},
		{
			"name": "WE_3",
			"from": [10, 1, 6],
			"to": [13, 3, 7],
			"faces": {
				"north": {"uv": [3, 1, 6, 3], "texture": "#0"},
				"south": {"uv": [3, 13, 6, 15], "texture": "#0"},
				"up": {"uv": [6, 9, 3, 10], "texture": "#0"},
				"down": {"uv": [10, 9, 13, 10], "texture": "#0", "cullface": "down"}
			}
		},
		{
			"name": "WE_4",
			"from": [3, 1, 6],
			"to": [6, 3, 7],
			"faces": {
				"north": {"uv": [10, 1, 13, 3], "texture": "#0"},
				"south": {"uv": [10, 13, 13, 15], "texture": "#0"},
				"up": {"uv": [6, 6, 3, 7], "texture": "#0"},
				"down": {"uv": [3, 9, 6, 10], "texture": "#0", "cullface": "down"}
			}
		},
		{
			"name": "WE_5",
			"from": [3, 1.002, 4],
			"to": [13, 2.998, 5],
			"faces": {
				"north": {"uv": [3, 13, 13, 15], "texture": "#0"},
				"south": {"uv": [3, 1, 13, 3], "texture": "#0"},
				"up": {"uv": [13, 11, 3, 12], "texture": "#0"},
				"down": {"uv": [3, 11, 13, 12], "texture": "#0", "cullface": "down"}
			}
		}
	]
}