{
	"format_version": "1.9.0",
	"credit": "Made with Blockbench",
	"textures": {
		"0": "block/rail",
		"1": "block/detector_rail_on",
		"particle": "block/detector_rail_on"
	},
	"elements": [
		{
			"name": "Railing L",
			"from": [1.9997, -0.2073, 0.5],
			"to": [4.0003, 0.4998, 16.5],
			"rotation": {"angle": -45, "axis": "x", "origin": [8, 0, 0], "rescale": true},
			"faces": {
				"north": {"uv": [2, 0, 4, 1], "rotation": 180, "texture": "#0"},
				"east": {"uv": [3, 0, 4, 16], "rotation": 90, "texture": "#0"},
				"south": {"uv": [2, 15, 4, 16], "texture": "#0"},
				"west": {"uv": [2, 0, 3, 16], "rotation": 270, "texture": "#0"},
				"up": {"uv": [2, 0, 4, 16], "texture": "#0"},
				"down": {"uv": [2, 0, 4, 16], "texture": "#0"}
			}
		},
		{
			"name": "Railing R",
			"from": [11.997, -0.2073, 0.5],
			"to": [14.003, 0.4998, 16.5],
			"rotation": {"angle": -45, "axis": "x", "origin": [8, 0, 0], "rescale": true},
			"faces": {
				"north": {"uv": [12, 0, 14, 1], "rotation": 180, "texture": "#0"},
				"east": {"uv": [13, 0, 14, 16], "rotation": 90, "texture": "#0"},
				"south": {"uv": [12, 15, 14, 16], "texture": "#0"},
				"west": {"uv": [12, 0, 13, 16], "rotation": 270, "texture": "#0"},
				"up": {"uv": [12, 0, 14, 16], "texture": "#0"},
				"down": {"uv": [12, 0, 14, 16], "texture": "#0"}
			}
		},
		{
			"name": "Plank N1",
			"from": [1, -0.207, 1.5],
			"to": [15, 0.499, 3.5],
			"rotation": {"angle": -45, "axis": "x", "origin": [8, 0, 0], "rescale": true},
			"faces": {
				"north": {"uv": [1, 2, 15, 3], "texture": "#0"},
				"east": {"uv": [14, 1, 15, 3], "rotation": 270, "texture": "#0"},
				"south": {"uv": [1, 1, 15, 2], "rotation": 180, "texture": "#0"},
				"west": {"uv": [1, 1, 2, 3], "rotation": 90, "texture": "#0"},
				"up": {"uv": [1, 1, 15, 3], "rotation": 180, "texture": "#0"},
				"down": {"uv": [1, 3, 15, 1], "rotation": 180, "texture": "#0"}
			}
		},
		{
			"name": "Plank N2",
			"from": [1, -0.207, 5.5],
			"to": [15, 0.499, 7.5],
			"rotation": {"angle": -45, "axis": "x", "origin": [8, 0, 0], "rescale": true},
			"faces": {
				"north": {"uv": [1, 6, 15, 7], "texture": "#0"},
				"east": {"uv": [14, 5, 15, 7], "rotation": 270, "texture": "#0"},
				"south": {"uv": [1, 5, 15, 6], "rotation": 180, "texture": "#0"},
				"west": {"uv": [1, 5, 2, 7], "rotation": 90, "texture": "#0"},
				"up": {"uv": [1, 5, 15, 7], "rotation": 180, "texture": "#0"},
				"down": {"uv": [1, 7, 15, 5], "rotation": 180, "texture": "#0"}
			}
		},
		{
			"name": "Plank N3",
			"from": [1, -0.207, 9.5],
			"to": [15, 0.499, 11.5],
			"rotation": {"angle": -45, "axis": "x", "origin": [8, 0, 0], "rescale": true},
			"faces": {
				"north": {"uv": [1, 10, 15, 11], "texture": "#0"},
				"east": {"uv": [14, 9, 15, 11], "rotation": 270, "texture": "#0"},
				"south": {"uv": [1, 9, 15, 10], "rotation": 180, "texture": "#0"},
				"west": {"uv": [1, 9, 2, 11], "rotation": 90, "texture": "#0"},
				"up": {"uv": [1, 9, 15, 11], "rotation": 180, "texture": "#0"},
				"down": {"uv": [1, 11, 15, 9], "rotation": 180, "texture": "#0"}
			}
		},
		{
			"name": "Plank N4",
			"from": [1, -0.207, 13.5],
			"to": [15, 0.499, 15.5],
			"rotation": {"angle": -45, "axis": "x", "origin": [8, 0, 0], "rescale": true},
			"faces": {
				"north": {"uv": [1, 14, 15, 15], "texture": "#0"},
				"east": {"uv": [14, 13, 15, 15], "rotation": 270, "texture": "#0"},
				"south": {"uv": [1, 13, 15, 14], "rotation": 180, "texture": "#0"},
				"west": {"uv": [1, 13, 2, 15], "rotation": 90, "texture": "#0"},
				"up": {"uv": [1, 13, 15, 15], "rotation": 180, "texture": "#0"},
				"down": {"uv": [1, 15, 15, 13], "rotation": 180, "texture": "#0"}
			}
		},
		{
			"name": "Pressure Plate Base",
			"from": [4.999, -0.2073, 5.499],
			"to": [11.001, 0.5007, 11.501],
			"rotation": {"angle": -45, "axis": "x", "origin": [8, 0, 0], "rescale": true},
			"faces": {
				"north": {"uv": [5, 10, 11, 11], "texture": "#1"},
				"east": {"uv": [5, 5, 6, 11], "rotation": 270, "texture": "#1"},
				"south": {"uv": [5, 5, 11, 6], "rotation": 180, "texture": "#1"},
				"west": {"uv": [10, 5, 11, 11], "rotation": 90, "texture": "#1"},
				"up": {"uv": [5, 5, 11, 11], "rotation": 180, "texture": "#1"},
				"down": {"uv": [5, 11, 11, 5], "rotation": 180, "texture": "#1"}
			}
		},
		{
			"name": "Pressure Plate",
			"from": [5.999, 0, 6.499],
			"to": [10.001, 0.545, 10.501],
			"rotation": {"angle": -45, "axis": "x", "origin": [8, 0, 0], "rescale": true},
			"faces": {
				"north": {"uv": [6, 9, 10, 10], "texture": "#1"},
				"east": {"uv": [6, 6, 7, 10], "rotation": 270, "texture": "#1"},
				"south": {"uv": [6, 6, 10, 7], "rotation": 180, "texture": "#1"},
				"west": {"uv": [9, 6, 10, 10], "rotation": 90, "texture": "#1"},
				"up": {"uv": [6, 6, 10, 10], "rotation": 180, "texture": "#1"},
				"down": {"uv": [6, 6, 10, 10], "texture": "#1"}
			}
		},
		{
			"name": "Railing R_Bottom",
			"from": [12.001, -0.207, 0],
			"to": [13.999, 0.499, 1],
			"rotation": {"angle": -45, "axis": "x", "origin": [8, 0, 0], "rescale": true},
			"faces": {
				"north": {"uv": [12, 15, 14, 16], "rotation": 180, "texture": "#0"},
				"east": {"uv": [13, 15, 14, 16], "rotation": 180, "texture": "#0"},
				"west": {"uv": [12, 15, 13, 16], "rotation": 180, "texture": "#0"},
				"up": {"uv": [12, 15, 14, 16], "texture": "#0"},
				"down": {"uv": [12, 15, 14, 16], "texture": "#0"}
			}
		},
		{
			"name": "Railing L_Bottom",
			"from": [2.001, -0.207, 0],
			"to": [3.999, 0.499, 1],
			"rotation": {"angle": -45, "axis": "x", "origin": [8, 0, 0], "rescale": true},
			"faces": {
				"north": {"uv": [2, 15, 4, 16], "rotation": 180, "texture": "#0"},
				"east": {"uv": [3, 15, 4, 16], "rotation": 180, "texture": "#0"},
				"west": {"uv": [2, 15, 3, 16], "rotation": 180, "texture": "#0"},
				"up": {"uv": [2, 15, 4, 16], "texture": "#0"},
				"down": {"uv": [2, 15, 4, 16], "texture": "#0"}
			}
		}
	]
}