{
	"credit": "Made with Blockbench",
	"parent": "block/block",
	"textures": {
		"0": "block/emerald_ore",
		"particle": "block/emerald_ore"
	},
	"elements": [
		{
			"name": "Stone Base",
			"from": [0, 0, 0],
			"to": [16, 16, 16],
			"faces": {
				"north": {"uv": [0, 0, 16, 16], "texture": "#0", "cullface": "north"},
				"east": {"uv": [0, 0, 16, 16], "texture": "#0", "cullface": "east"},
				"south": {"uv": [0, 0, 16, 16], "texture": "#0", "cullface": "south"},
				"west": {"uv": [0, 0, 16, 16], "texture": "#0", "cullface": "west"},
				"up": {"uv": [0, 0, 16, 16], "texture": "#0", "cullface": "up"},
				"down": {"uv": [0, 0, 16, 16], "texture": "#0", "cullface": "down"}
			}
		},
		{
			"name": "n1",
			"from": [11.999, 11.999, -0.499],
			"to": [14.001, 14.001, 0],
			"rotation": {"angle": 0, "axis": "y", "origin": [8, 8, 8]},
			"faces": {
				"north": {"uv": [2, 2, 4, 4], "texture": "#0", "cullface": "north"},
				"east": {"uv": [2, 2, 3, 4], "texture": "#0", "cullface": "north"},
				"west": {"uv": [3, 2, 4, 4], "texture": "#0", "cullface": "north"},
				"up": {"uv": [2, 2, 4, 3], "rotation": 180, "texture": "#0", "cullface": "north"},
				"down": {"uv": [2, 3, 4, 4], "rotation": 180, "texture": "#0", "cullface": "north"}
			}
		},
		{
			"name": "n2",
			"from": [3.999, 11.999, -0.499],
			"to": [6.001, 14.001, 0],
			"rotation": {"angle": 0, "axis": "y", "origin": [8, 8, 8]},
			"faces": {
				"north": {"uv": [2, 2, 4, 4], "texture": "#0", "cullface": "north"},
				"east": {"uv": [2, 2, 3, 4], "texture": "#0", "cullface": "north"},
				"west": {"uv": [3, 2, 4, 4], "texture": "#0", "cullface": "north"},
				"up": {"uv": [2, 2, 4, 3], "rotation": 180, "texture": "#0", "cullface": "north"},
				"down": {"uv": [2, 3, 4, 4], "rotation": 180, "texture": "#0", "cullface": "north"}
			}
		},
		{
			"name": "n3",
			"from": [7.999, 7.999, -0.4991],
			"to": [11.001, 11.001, 0],
			"rotation": {"angle": 0, "axis": "y", "origin": [8, 8, 8]},
			"faces": {
				"north": {"uv": [5, 5, 8, 8], "texture": "#0", "cullface": "north"},
				"east": {"uv": [5, 5, 6, 8], "texture": "#0", "cullface": "north"},
				"west": {"uv": [7, 5, 8, 8], "texture": "#0", "cullface": "north"},
				"up": {"uv": [5, 5, 8, 6], "rotation": 180, "texture": "#0", "cullface": "north"},
				"down": {"uv": [5, 7, 8, 8], "rotation": 180, "texture": "#0", "cullface": "north"}
			}
		},
		{
			"name": "n4",
			"from": [9.999, 6.999, -0.499],
			"to": [12.001, 10.001, 0],
			"rotation": {"angle": 0, "axis": "y", "origin": [8, 8, 8]},
			"faces": {
				"north": {"uv": [4, 6, 6, 9], "texture": "#0", "cullface": "north"},
				"east": {"uv": [4, 6, 5, 9], "texture": "#0", "cullface": "north"},
				"west": {"uv": [5, 6, 6, 9], "texture": "#0", "cullface": "north"},
				"up": {"uv": [4, 6, 6, 7], "rotation": 180, "texture": "#0", "cullface": "north"},
				"down": {"uv": [4, 8, 6, 9], "rotation": 180, "texture": "#0", "cullface": "north"}
			}
		},
		{
			"name": "n5",
			"from": [0.999, 6.999, -0.499],
			"to": [3.001, 9.001, 0],
			"rotation": {"angle": 0, "axis": "y", "origin": [8, 8, 8]},
			"faces": {
				"north": {"uv": [2, 2, 4, 4], "texture": "#0", "cullface": "north"},
				"east": {"uv": [2, 2, 3, 4], "texture": "#0", "cullface": "north"},
				"west": {"uv": [3, 2, 4, 4], "texture": "#0", "cullface": "north"},
				"up": {"uv": [2, 2, 4, 3], "rotation": 180, "texture": "#0", "cullface": "north"},
				"down": {"uv": [2, 3, 4, 4], "rotation": 180, "texture": "#0", "cullface": "north"}
			}
		},
		{
			"name": "n6",
			"from": [12.999, 5.999, -0.499],
			"to": [15.001, 8.001, 0],
			"rotation": {"angle": 0, "axis": "y", "origin": [8, 8, 8]},
			"faces": {
				"north": {"uv": [2, 2, 4, 4], "texture": "#0", "cullface": "north"},
				"east": {"uv": [2, 2, 3, 4], "texture": "#0", "cullface": "north"},
				"west": {"uv": [3, 2, 4, 4], "texture": "#0", "cullface": "north"},
				"up": {"uv": [2, 2, 4, 3], "rotation": 180, "texture": "#0", "cullface": "north"},
				"down": {"uv": [2, 3, 4, 4], "rotation": 180, "texture": "#0", "cullface": "north"}
			}
		},
		{
			"name": "n7",
			"from": [4.999, 4.999, -0.499],
			"to": [7.001, 6.001, 0],
			"rotation": {"angle": 0, "axis": "y", "origin": [8, 8, 8]},
			"faces": {
				"north": {"uv": [9, 10, 11, 11], "texture": "#0", "cullface": "north"},
				"east": {"uv": [9, 10, 10, 11], "texture": "#0", "cullface": "north"},
				"west": {"uv": [10, 10, 11, 11], "texture": "#0", "cullface": "north"},
				"up": {"uv": [9, 10, 11, 11], "rotation": 180, "texture": "#0", "cullface": "north"}
			}
		},
		{
			"name": "n8",
			"from": [2.999, 2.999, -0.4991],
			"to": [8.001, 5.001, 0],
			"rotation": {"angle": 0, "axis": "y", "origin": [8, 8, 8]},
			"faces": {
				"north": {"uv": [8, 11, 13, 13], "texture": "#0", "cullface": "north"},
				"east": {"uv": [8, 11, 9, 13], "texture": "#0", "cullface": "north"},
				"west": {"uv": [12, 11, 13, 13], "texture": "#0", "cullface": "north"},
				"up": {"uv": [8, 11, 13, 12], "rotation": 180, "texture": "#0", "cullface": "north"},
				"down": {"uv": [8, 12, 13, 13], "rotation": 180, "texture": "#0", "cullface": "north"}
			}
		},
		{
			"name": "n9",
			"from": [4.999, 1.999, -0.499],
			"to": [6.001, 3.001, 0],
			"rotation": {"angle": 0, "axis": "y", "origin": [8, 8, 8]},
			"faces": {
				"north": {"uv": [10, 13, 11, 14], "texture": "#0", "cullface": "north"},
				"east": {"uv": [10, 13, 11, 14], "texture": "#0", "cullface": "north"},
				"west": {"uv": [10, 13, 11, 14], "texture": "#0", "cullface": "north"},
				"down": {"uv": [10, 13, 11, 14], "texture": "#0", "cullface": "north"}
			}
		},
		{
			"name": "n10",
			"from": [9.999, 0.999, -0.499],
			"to": [12.001, 3.001, 0],
			"rotation": {"angle": 0, "axis": "y", "origin": [8, 8, 8]},
			"faces": {
				"north": {"uv": [2, 2, 4, 4], "texture": "#0", "cullface": "north"},
				"east": {"uv": [2, 2, 3, 4], "texture": "#0", "cullface": "north"},
				"west": {"uv": [3, 2, 4, 4], "texture": "#0", "cullface": "north"},
				"up": {"uv": [2, 2, 4, 3], "rotation": 180, "texture": "#0", "cullface": "north"},
				"down": {"uv": [2, 3, 4, 4], "rotation": 180, "texture": "#0", "cullface": "north"}
			}
		},
		{
			"name": "n2",
			"from": [1.999, 11.999, 16],
			"to": [4.001, 14.001, 16.499],
			"rotation": {"angle": 0, "axis": "y", "origin": [8, 8, 8]},
			"faces": {
				"east": {"uv": [3, 2, 4, 4], "texture": "#0", "cullface": "south"},
				"south": {"uv": [2, 2, 4, 4], "texture": "#0", "cullface": "south"},
				"west": {"uv": [2, 2, 3, 4], "texture": "#0", "cullface": "south"},
				"up": {"uv": [2, 2, 4, 3], "texture": "#0", "cullface": "south"},
				"down": {"uv": [2, 3, 4, 4], "texture": "#0", "cullface": "south"}
			}
		},
		{
			"name": "n3",
			"from": [9.999, 11.999, 16],
			"to": [12.001, 14.001, 16.499],
			"rotation": {"angle": 0, "axis": "y", "origin": [8, 8, 8]},
			"faces": {
				"east": {"uv": [3, 2, 4, 4], "texture": "#0", "cullface": "south"},
				"south": {"uv": [2, 2, 4, 4], "texture": "#0", "cullface": "south"},
				"west": {"uv": [2, 2, 3, 4], "texture": "#0", "cullface": "south"},
				"up": {"uv": [2, 2, 4, 3], "texture": "#0", "cullface": "south"},
				"down": {"uv": [2, 3, 4, 4], "texture": "#0", "cullface": "south"}
			}
		},
		{
			"name": "n4",
			"from": [4.999, 7.999, 16],
			"to": [8.001, 11.001, 16.4991],
			"rotation": {"angle": 0, "axis": "y", "origin": [8, 8, 8]},
			"faces": {
				"east": {"uv": [7, 5, 8, 8], "texture": "#0", "cullface": "south"},
				"south": {"uv": [5, 5, 8, 8], "texture": "#0", "cullface": "south"},
				"west": {"uv": [5, 5, 6, 8], "texture": "#0", "cullface": "south"},
				"up": {"uv": [5, 5, 8, 6], "texture": "#0", "cullface": "south"},
				"down": {"uv": [5, 7, 8, 8], "texture": "#0", "cullface": "south"}
			}
		},
		{
			"name": "n5",
			"from": [3.999, 6.999, 16],
			"to": [6.001, 10.001, 16.499],
			"rotation": {"angle": 0, "axis": "y", "origin": [8, 8, 8]},
			"faces": {
				"east": {"uv": [5, 6, 6, 9], "texture": "#0", "cullface": "south"},
				"south": {"uv": [4, 6, 6, 9], "texture": "#0", "cullface": "south"},
				"west": {"uv": [4, 6, 5, 9], "texture": "#0", "cullface": "south"},
				"up": {"uv": [4, 6, 6, 7], "texture": "#0", "cullface": "south"},
				"down": {"uv": [4, 8, 6, 9], "texture": "#0", "cullface": "south"}
			}
		},
		{
			"name": "n6",
			"from": [12.999, 6.999, 16],
			"to": [15.001, 9.001, 16.499],
			"rotation": {"angle": 0, "axis": "y", "origin": [8, 8, 8]},
			"faces": {
				"east": {"uv": [3, 2, 4, 4], "texture": "#0", "cullface": "south"},
				"south": {"uv": [2, 2, 4, 4], "texture": "#0", "cullface": "south"},
				"west": {"uv": [2, 2, 3, 4], "texture": "#0", "cullface": "south"},
				"up": {"uv": [2, 2, 4, 3], "texture": "#0", "cullface": "south"},
				"down": {"uv": [2, 3, 4, 4], "texture": "#0", "cullface": "south"}
			}
		},
		{
			"name": "n7",
			"from": [0.999, 5.999, 16],
			"to": [3.001, 8.001, 16.499],
			"rotation": {"angle": 0, "axis": "y", "origin": [8, 8, 8]},
			"faces": {
				"east": {"uv": [3, 2, 4, 4], "texture": "#0", "cullface": "south"},
				"south": {"uv": [2, 2, 4, 4], "texture": "#0", "cullface": "south"},
				"west": {"uv": [2, 2, 3, 4], "texture": "#0", "cullface": "south"},
				"up": {"uv": [2, 2, 4, 3], "texture": "#0", "cullface": "south"},
				"down": {"uv": [2, 3, 4, 4], "texture": "#0", "cullface": "south"}
			}
		},
		{
			"name": "n8",
			"from": [8.999, 4.999, 16],
			"to": [11.001, 6.001, 16.499],
			"rotation": {"angle": 0, "axis": "y", "origin": [8, 8, 8]},
			"faces": {
				"east": {"uv": [10, 10, 11, 11], "texture": "#0", "cullface": "south"},
				"south": {"uv": [9, 10, 11, 11], "texture": "#0", "cullface": "south"},
				"west": {"uv": [9, 10, 10, 11], "texture": "#0", "cullface": "south"},
				"up": {"uv": [9, 10, 11, 11], "texture": "#0", "cullface": "south"}
			}
		},
		{
			"name": "n9",
			"from": [7.999, 2.999, 16],
			"to": [13.001, 5.001, 16.4991],
			"rotation": {"angle": 0, "axis": "y", "origin": [8, 8, 8]},
			"faces": {
				"east": {"uv": [12, 11, 13, 13], "texture": "#0", "cullface": "south"},
				"south": {"uv": [8, 11, 13, 13], "texture": "#0", "cullface": "south"},
				"west": {"uv": [8, 11, 9, 13], "texture": "#0", "cullface": "south"},
				"up": {"uv": [8, 11, 13, 12], "texture": "#0", "cullface": "south"},
				"down": {"uv": [8, 12, 13, 13], "texture": "#0", "cullface": "south"}
			}
		},
		{
			"name": "n10",
			"from": [9.999, 1.999, 16],
			"to": [11.001, 3.001, 16.499],
			"rotation": {"angle": 0, "axis": "y", "origin": [8, 8, 8]},
			"faces": {
				"east": {"uv": [10, 13, 11, 14], "texture": "#0", "cullface": "south"},
				"south": {"uv": [10, 13, 11, 14], "texture": "#0", "cullface": "south"},
				"west": {"uv": [10, 13, 11, 14], "texture": "#0", "cullface": "south"},
				"down": {"uv": [10, 13, 11, 14], "rotation": 180, "texture": "#0", "cullface": "south"}
			}
		},
		{
			"name": "n11",
			"from": [3.999, 0.999, 16],
			"to": [6.001, 3.001, 16.499],
			"rotation": {"angle": 0, "axis": "y", "origin": [8, 8, 8]},
			"faces": {
				"east": {"uv": [3, 2, 4, 4], "texture": "#0", "cullface": "south"},
				"south": {"uv": [2, 2, 4, 4], "texture": "#0", "cullface": "south"},
				"west": {"uv": [2, 2, 3, 4], "texture": "#0", "cullface": "south"},
				"up": {"uv": [2, 2, 4, 3], "texture": "#0", "cullface": "south"},
				"down": {"uv": [2, 3, 4, 4], "texture": "#0", "cullface": "south"}
			}
		},
		{
			"name": "n3",
			"from": [-0.499, 11.999, 1.999],
			"to": [0, 14.001, 4.001],
			"rotation": {"angle": 0, "axis": "y", "origin": [8, 8, 8]},
			"faces": {
				"north": {"uv": [2, 2, 3, 4], "texture": "#0", "cullface": "west"},
				"south": {"uv": [3, 2, 4, 4], "texture": "#0", "cullface": "west"},
				"west": {"uv": [2, 2, 4, 4], "texture": "#0", "cullface": "west"},
				"up": {"uv": [2, 2, 4, 3], "rotation": 90, "texture": "#0", "cullface": "west"},
				"down": {"uv": [2, 3, 4, 4], "rotation": 270, "texture": "#0", "cullface": "west"}
			}
		},
		{
			"name": "n4",
			"from": [-0.499, 11.999, 9.999],
			"to": [0, 14.001, 12.001],
			"rotation": {"angle": 0, "axis": "y", "origin": [8, 8, 8]},
			"faces": {
				"north": {"uv": [2, 2, 3, 4], "texture": "#0", "cullface": "west"},
				"south": {"uv": [3, 2, 4, 4], "texture": "#0", "cullface": "west"},
				"west": {"uv": [2, 2, 4, 4], "texture": "#0", "cullface": "west"},
				"up": {"uv": [2, 2, 4, 3], "rotation": 90, "texture": "#0", "cullface": "west"},
				"down": {"uv": [2, 3, 4, 4], "rotation": 270, "texture": "#0", "cullface": "west"}
			}
		},
		{
			"name": "n5",
			"from": [-0.4991, 7.999, 4.999],
			"to": [0, 11.001, 8.001],
			"rotation": {"angle": 0, "axis": "y", "origin": [8, 8, 8]},
			"faces": {
				"north": {"uv": [5, 5, 6, 8], "texture": "#0", "cullface": "west"},
				"south": {"uv": [7, 5, 8, 8], "texture": "#0", "cullface": "west"},
				"west": {"uv": [5, 5, 8, 8], "texture": "#0", "cullface": "west"},
				"up": {"uv": [5, 5, 8, 6], "rotation": 90, "texture": "#0", "cullface": "west"},
				"down": {"uv": [5, 7, 8, 8], "rotation": 270, "texture": "#0", "cullface": "west"}
			}
		},
		{
			"name": "n6",
			"from": [-0.499, 6.999, 3.999],
			"to": [0, 10.001, 6.001],
			"rotation": {"angle": 0, "axis": "y", "origin": [8, 8, 8]},
			"faces": {
				"north": {"uv": [4, 6, 5, 9], "texture": "#0", "cullface": "west"},
				"south": {"uv": [5, 6, 6, 9], "texture": "#0", "cullface": "west"},
				"west": {"uv": [4, 6, 6, 9], "texture": "#0", "cullface": "west"},
				"up": {"uv": [4, 6, 6, 7], "rotation": 90, "texture": "#0", "cullface": "west"},
				"down": {"uv": [4, 8, 6, 9], "rotation": 270, "texture": "#0", "cullface": "west"}
			}
		},
		{
			"name": "n7",
			"from": [-0.499, 6.999, 12.999],
			"to": [0, 9.001, 15.001],
			"rotation": {"angle": 0, "axis": "y", "origin": [8, 8, 8]},
			"faces": {
				"north": {"uv": [2, 2, 3, 4], "texture": "#0", "cullface": "west"},
				"south": {"uv": [3, 2, 4, 4], "texture": "#0", "cullface": "west"},
				"west": {"uv": [2, 2, 4, 4], "texture": "#0", "cullface": "west"},
				"up": {"uv": [2, 2, 4, 3], "rotation": 90, "texture": "#0", "cullface": "west"},
				"down": {"uv": [2, 3, 4, 4], "rotation": 270, "texture": "#0", "cullface": "west"}
			}
		},
		{
			"name": "n8",
			"from": [-0.499, 5.999, 0.999],
			"to": [0, 8.001, 3.001],
			"rotation": {"angle": 0, "axis": "y", "origin": [8, 8, 8]},
			"faces": {
				"north": {"uv": [2, 2, 3, 4], "texture": "#0", "cullface": "west"},
				"south": {"uv": [3, 2, 4, 4], "texture": "#0", "cullface": "west"},
				"west": {"uv": [2, 2, 4, 4], "texture": "#0", "cullface": "west"},
				"up": {"uv": [2, 2, 4, 3], "rotation": 90, "texture": "#0", "cullface": "west"},
				"down": {"uv": [2, 3, 4, 4], "rotation": 270, "texture": "#0", "cullface": "west"}
			}
		},
		{
			"name": "n9",
			"from": [-0.499, 4.999, 8.999],
			"to": [0, 6.001, 11.001],
			"rotation": {"angle": 0, "axis": "y", "origin": [8, 8, 8]},
			"faces": {
				"north": {"uv": [9, 10, 10, 11], "texture": "#0", "cullface": "west"},
				"south": {"uv": [10, 10, 11, 11], "texture": "#0", "cullface": "west"},
				"west": {"uv": [9, 10, 11, 11], "texture": "#0", "cullface": "west"},
				"up": {"uv": [9, 10, 11, 11], "rotation": 90, "texture": "#0", "cullface": "west"}
			}
		},
		{
			"name": "n10",
			"from": [-0.4991, 2.999, 7.999],
			"to": [0, 5.001, 13.001],
			"rotation": {"angle": 0, "axis": "y", "origin": [8, 8, 8]},
			"faces": {
				"north": {"uv": [8, 11, 9, 13], "texture": "#0", "cullface": "west"},
				"south": {"uv": [12, 11, 13, 13], "texture": "#0", "cullface": "west"},
				"west": {"uv": [8, 11, 13, 13], "texture": "#0", "cullface": "west"},
				"up": {"uv": [8, 11, 13, 12], "rotation": 90, "texture": "#0", "cullface": "west"},
				"down": {"uv": [8, 12, 13, 13], "rotation": 270, "texture": "#0", "cullface": "west"}
			}
		},
		{
			"name": "n11",
			"from": [-0.499, 1.999, 9.999],
			"to": [0, 3.001, 11.001],
			"rotation": {"angle": 0, "axis": "y", "origin": [8, 8, 8]},
			"faces": {
				"north": {"uv": [10, 13, 11, 14], "texture": "#0", "cullface": "west"},
				"south": {"uv": [10, 13, 11, 14], "texture": "#0", "cullface": "west"},
				"west": {"uv": [10, 13, 11, 14], "texture": "#0", "cullface": "west"},
				"down": {"uv": [10, 13, 11, 14], "rotation": 90, "texture": "#0", "cullface": "west"}
			}
		},
		{
			"name": "n12",
			"from": [-0.499, 0.999, 3.999],
			"to": [0, 3.001, 6.001],
			"rotation": {"angle": 0, "axis": "y", "origin": [8, 8, 8]},
			"faces": {
				"north": {"uv": [2, 2, 3, 4], "texture": "#0", "cullface": "west"},
				"south": {"uv": [3, 2, 4, 4], "texture": "#0", "cullface": "west"},
				"west": {"uv": [2, 2, 4, 4], "texture": "#0", "cullface": "west"},
				"up": {"uv": [2, 2, 4, 3], "rotation": 90, "texture": "#0", "cullface": "west"},
				"down": {"uv": [2, 3, 4, 4], "rotation": 270, "texture": "#0", "cullface": "west"}
			}
		},
		{
			"name": "n4",
			"from": [16, 11.999, 11.999],
			"to": [16.499, 14.001, 14.001],
			"rotation": {"angle": 0, "axis": "y", "origin": [8, 8, 8]},
			"faces": {
				"north": {"uv": [3, 2, 4, 4], "texture": "#0", "cullface": "east"},
				"east": {"uv": [2, 2, 4, 4], "texture": "#0", "cullface": "east"},
				"south": {"uv": [2, 2, 3, 4], "texture": "#0", "cullface": "east"},
				"up": {"uv": [2, 2, 4, 3], "rotation": 270, "texture": "#0", "cullface": "east"},
				"down": {"uv": [2, 3, 4, 4], "rotation": 90, "texture": "#0", "cullface": "east"}
			}
		},
		{
			"name": "n5",
			"from": [16, 11.999, 3.999],
			"to": [16.499, 14.001, 6.001],
			"rotation": {"angle": 0, "axis": "y", "origin": [8, 8, 8]},
			"faces": {
				"north": {"uv": [3, 2, 4, 4], "texture": "#0", "cullface": "east"},
				"east": {"uv": [2, 2, 4, 4], "texture": "#0", "cullface": "east"},
				"south": {"uv": [2, 2, 3, 4], "texture": "#0", "cullface": "east"},
				"up": {"uv": [2, 2, 4, 3], "rotation": 270, "texture": "#0", "cullface": "east"},
				"down": {"uv": [2, 3, 4, 4], "rotation": 90, "texture": "#0", "cullface": "east"}
			}
		},
		{
			"name": "n6",
			"from": [16, 7.999, 7.999],
			"to": [16.4991, 11.001, 11.001],
			"rotation": {"angle": 0, "axis": "y", "origin": [8, 8, 8]},
			"faces": {
				"north": {"uv": [7, 5, 8, 8], "texture": "#0", "cullface": "east"},
				"east": {"uv": [5, 5, 8, 8], "texture": "#0", "cullface": "east"},
				"south": {"uv": [5, 5, 6, 8], "texture": "#0", "cullface": "east"},
				"up": {"uv": [5, 5, 8, 6], "rotation": 270, "texture": "#0", "cullface": "east"},
				"down": {"uv": [5, 7, 8, 8], "rotation": 90, "texture": "#0", "cullface": "east"}
			}
		},
		{
			"name": "n7",
			"from": [16, 6.999, 9.999],
			"to": [16.499, 10.001, 12.001],
			"rotation": {"angle": 0, "axis": "y", "origin": [8, 8, 8]},
			"faces": {
				"north": {"uv": [5, 6, 6, 9], "texture": "#0", "cullface": "east"},
				"east": {"uv": [4, 6, 6, 9], "texture": "#0", "cullface": "east"},
				"south": {"uv": [4, 6, 5, 9], "texture": "#0", "cullface": "east"},
				"up": {"uv": [4, 6, 6, 7], "rotation": 270, "texture": "#0", "cullface": "east"},
				"down": {"uv": [4, 8, 6, 9], "rotation": 90, "texture": "#0", "cullface": "east"}
			}
		},
		{
			"name": "n8",
			"from": [16, 6.999, 0.999],
			"to": [16.499, 9.001, 3.001],
			"rotation": {"angle": 0, "axis": "y", "origin": [8, 8, 8]},
			"faces": {
				"north": {"uv": [3, 2, 4, 4], "texture": "#0", "cullface": "east"},
				"east": {"uv": [2, 2, 4, 4], "texture": "#0", "cullface": "east"},
				"south": {"uv": [2, 2, 3, 4], "texture": "#0", "cullface": "east"},
				"up": {"uv": [2, 2, 4, 3], "rotation": 270, "texture": "#0", "cullface": "east"},
				"down": {"uv": [2, 3, 4, 4], "rotation": 90, "texture": "#0", "cullface": "east"}
			}
		},
		{
			"name": "n9",
			"from": [16, 5.999, 12.999],
			"to": [16.499, 8.001, 15.001],
			"rotation": {"angle": 0, "axis": "y", "origin": [8, 8, 8]},
			"faces": {
				"north": {"uv": [3, 2, 4, 4], "texture": "#0", "cullface": "east"},
				"east": {"uv": [2, 2, 4, 4], "texture": "#0", "cullface": "east"},
				"south": {"uv": [2, 2, 3, 4], "texture": "#0", "cullface": "east"},
				"up": {"uv": [2, 2, 4, 3], "rotation": 270, "texture": "#0", "cullface": "east"},
				"down": {"uv": [2, 3, 4, 4], "rotation": 90, "texture": "#0", "cullface": "east"}
			}
		},
		{
			"name": "n10",
			"from": [16, 4.999, 4.999],
			"to": [16.499, 6.001, 7.001],
			"rotation": {"angle": 0, "axis": "y", "origin": [8, 8, 8]},
			"faces": {
				"north": {"uv": [10, 10, 11, 11], "texture": "#0", "cullface": "east"},
				"east": {"uv": [9, 10, 11, 11], "texture": "#0", "cullface": "east"},
				"south": {"uv": [9, 10, 10, 11], "texture": "#0", "cullface": "east"},
				"up": {"uv": [9, 10, 11, 11], "rotation": 270, "texture": "#0", "cullface": "east"}
			}
		},
		{
			"name": "n11",
			"from": [16, 2.999, 2.999],
			"to": [16.4991, 5.001, 8.001],
			"rotation": {"angle": 0, "axis": "y", "origin": [8, 8, 8]},
			"faces": {
				"north": {"uv": [12, 11, 13, 13], "texture": "#0", "cullface": "east"},
				"east": {"uv": [8, 11, 13, 13], "texture": "#0", "cullface": "east"},
				"south": {"uv": [8, 11, 9, 13], "texture": "#0", "cullface": "east"},
				"up": {"uv": [8, 11, 13, 12], "rotation": 270, "texture": "#0", "cullface": "east"},
				"down": {"uv": [8, 12, 13, 13], "rotation": 90, "texture": "#0", "cullface": "east"}
			}
		},
		{
			"name": "n12",
			"from": [16, 1.999, 4.999],
			"to": [16.499, 3.001, 6.001],
			"rotation": {"angle": 0, "axis": "y", "origin": [8, 8, 8]},
			"faces": {
				"north": {"uv": [10, 13, 11, 14], "texture": "#0", "cullface": "east"},
				"east": {"uv": [10, 13, 11, 14], "texture": "#0", "cullface": "east"},
				"south": {"uv": [10, 13, 11, 14], "texture": "#0", "cullface": "east"},
				"down": {"uv": [10, 13, 11, 14], "rotation": 270, "texture": "#0", "cullface": "east"}
			}
		},
		{
			"name": "n13",
			"from": [16, 0.999, 9.999],
			"to": [16.499, 3.001, 12.001],
			"rotation": {"angle": 0, "axis": "y", "origin": [8, 8, 8]},
			"faces": {
				"north": {"uv": [3, 2, 4, 4], "texture": "#0", "cullface": "east"},
				"east": {"uv": [2, 2, 4, 4], "texture": "#0", "cullface": "east"},
				"south": {"uv": [2, 2, 3, 4], "texture": "#0", "cullface": "east"},
				"up": {"uv": [2, 2, 4, 3], "rotation": 270, "texture": "#0", "cullface": "east"},
				"down": {"uv": [2, 3, 4, 4], "rotation": 90, "texture": "#0", "cullface": "east"}
			}
		},
		{
			"name": "n5",
			"from": [1.999, 16, 1.999],
			"to": [4.001, 16.499, 4.001],
			"rotation": {"angle": 0, "axis": "x", "origin": [8, 8, 8]},
			"faces": {
				"north": {"uv": [2, 2, 4, 3], "rotation": 180, "texture": "#0", "cullface": "up"},
				"east": {"uv": [3, 2, 4, 4], "rotation": 90, "texture": "#0", "cullface": "up"},
				"south": {"uv": [2, 3, 4, 4], "texture": "#0", "cullface": "up"},
				"west": {"uv": [2, 2, 3, 4], "rotation": 270, "texture": "#0", "cullface": "up"},
				"up": {"uv": [2, 2, 4, 4], "texture": "#0", "cullface": "up"}
			}
		},
		{
			"name": "n6",
			"from": [9.999, 16, 1.999],
			"to": [12.001, 16.499, 4.001],
			"rotation": {"angle": 0, "axis": "x", "origin": [8, 8, 8]},
			"faces": {
				"north": {"uv": [2, 2, 4, 3], "rotation": 180, "texture": "#0", "cullface": "up"},
				"east": {"uv": [3, 2, 4, 4], "rotation": 90, "texture": "#0", "cullface": "up"},
				"south": {"uv": [2, 3, 4, 4], "texture": "#0", "cullface": "up"},
				"west": {"uv": [2, 2, 3, 4], "rotation": 270, "texture": "#0", "cullface": "up"},
				"up": {"uv": [2, 2, 4, 4], "texture": "#0", "cullface": "up"}
			}
		},
		{
			"name": "n7",
			"from": [4.999, 16, 4.999],
			"to": [8.001, 16.4991, 8.001],
			"rotation": {"angle": 0, "axis": "x", "origin": [8, 8, 8]},
			"faces": {
				"north": {"uv": [5, 5, 8, 6], "rotation": 180, "texture": "#0", "cullface": "up"},
				"east": {"uv": [7, 5, 8, 8], "rotation": 90, "texture": "#0", "cullface": "up"},
				"south": {"uv": [5, 7, 8, 8], "texture": "#0", "cullface": "up"},
				"west": {"uv": [5, 5, 6, 8], "rotation": 270, "texture": "#0", "cullface": "up"},
				"up": {"uv": [5, 5, 8, 8], "texture": "#0", "cullface": "up"}
			}
		},
		{
			"name": "n8",
			"from": [3.999, 16, 5.999],
			"to": [6.001, 16.499, 9.001],
			"rotation": {"angle": 0, "axis": "x", "origin": [8, 8, 8]},
			"faces": {
				"north": {"uv": [4, 6, 6, 7], "rotation": 180, "texture": "#0", "cullface": "up"},
				"east": {"uv": [5, 6, 6, 9], "rotation": 90, "texture": "#0", "cullface": "up"},
				"south": {"uv": [4, 8, 6, 9], "texture": "#0", "cullface": "up"},
				"west": {"uv": [4, 6, 5, 9], "rotation": 270, "texture": "#0", "cullface": "up"},
				"up": {"uv": [4, 6, 6, 9], "texture": "#0", "cullface": "up"}
			}
		},
		{
			"name": "n9",
			"from": [12.999, 16, 6.999],
			"to": [15.001, 16.499, 9.001],
			"rotation": {"angle": 0, "axis": "x", "origin": [8, 8, 8]},
			"faces": {
				"north": {"uv": [2, 2, 4, 3], "rotation": 180, "texture": "#0", "cullface": "up"},
				"east": {"uv": [3, 2, 4, 4], "rotation": 90, "texture": "#0", "cullface": "up"},
				"south": {"uv": [2, 3, 4, 4], "texture": "#0", "cullface": "up"},
				"west": {"uv": [2, 2, 3, 4], "rotation": 270, "texture": "#0", "cullface": "up"},
				"up": {"uv": [2, 2, 4, 4], "texture": "#0", "cullface": "up"}
			}
		},
		{
			"name": "n10",
			"from": [0.999, 16, 7.999],
			"to": [3.001, 16.499, 10.001],
			"rotation": {"angle": 0, "axis": "x", "origin": [8, 8, 8]},
			"faces": {
				"north": {"uv": [2, 2, 4, 3], "rotation": 180, "texture": "#0", "cullface": "up"},
				"east": {"uv": [3, 2, 4, 4], "rotation": 90, "texture": "#0", "cullface": "up"},
				"south": {"uv": [2, 3, 4, 4], "texture": "#0", "cullface": "up"},
				"west": {"uv": [2, 2, 3, 4], "rotation": 270, "texture": "#0", "cullface": "up"},
				"up": {"uv": [2, 2, 4, 4], "texture": "#0", "cullface": "up"}
			}
		},
		{
			"name": "n11",
			"from": [8.999, 16, 9.999],
			"to": [11.001, 16.499, 11.001],
			"rotation": {"angle": 0, "axis": "x", "origin": [8, 8, 8]},
			"faces": {
				"north": {"uv": [9, 10, 11, 11], "rotation": 180, "texture": "#0", "cullface": "up"},
				"east": {"uv": [10, 10, 11, 11], "rotation": 90, "texture": "#0", "cullface": "up"},
				"west": {"uv": [9, 10, 10, 11], "rotation": 270, "texture": "#0", "cullface": "up"},
				"up": {"uv": [9, 10, 11, 11], "texture": "#0", "cullface": "up"}
			}
		},
		{
			"name": "n12",
			"from": [7.999, 16, 10.999],
			"to": [13.001, 16.4991, 13.001],
			"rotation": {"angle": 0, "axis": "x", "origin": [8, 8, 8]},
			"faces": {
				"north": {"uv": [8, 11, 13, 12], "rotation": 180, "texture": "#0", "cullface": "up"},
				"east": {"uv": [12, 11, 13, 13], "rotation": 90, "texture": "#0", "cullface": "up"},
				"south": {"uv": [8, 12, 13, 13], "texture": "#0", "cullface": "up"},
				"west": {"uv": [8, 11, 9, 13], "rotation": 270, "texture": "#0", "cullface": "up"},
				"up": {"uv": [8, 11, 13, 13], "texture": "#0", "cullface": "up"}
			}
		},
		{
			"name": "n13",
			"from": [9.999, 16, 12.999],
			"to": [11.001, 16.499, 14.001],
			"rotation": {"angle": 0, "axis": "x", "origin": [8, 8, 8]},
			"faces": {
				"east": {"uv": [10, 13, 11, 14], "rotation": 90, "texture": "#0", "cullface": "up"},
				"south": {"uv": [10, 13, 11, 14], "rotation": 180, "texture": "#0", "cullface": "up"},
				"west": {"uv": [10, 13, 11, 14], "rotation": 270, "texture": "#0", "cullface": "up"},
				"up": {"uv": [10, 13, 11, 14], "texture": "#0", "cullface": "up"}
			}
		},
		{
			"name": "n14",
			"from": [3.999, 16, 12.999],
			"to": [6.001, 16.499, 15.001],
			"rotation": {"angle": 0, "axis": "x", "origin": [8, 8, 8]},
			"faces": {
				"north": {"uv": [2, 2, 4, 3], "rotation": 180, "texture": "#0", "cullface": "up"},
				"east": {"uv": [3, 2, 4, 4], "rotation": 90, "texture": "#0", "cullface": "up"},
				"south": {"uv": [2, 3, 4, 4], "texture": "#0", "cullface": "up"},
				"west": {"uv": [2, 2, 3, 4], "rotation": 270, "texture": "#0", "cullface": "up"},
				"up": {"uv": [2, 2, 4, 4], "texture": "#0", "cullface": "up"}
			}
		},
		{
			"name": "n6",
			"from": [1.999, -0.499, 11.999],
			"to": [4.001, 0, 14.001],
			"rotation": {"angle": 0, "axis": "x", "origin": [8, 8, 8]},
			"faces": {
				"north": {"uv": [2, 3, 4, 4], "rotation": 180, "texture": "#0", "cullface": "down"},
				"east": {"uv": [3, 2, 4, 4], "rotation": 270, "texture": "#0", "cullface": "down"},
				"south": {"uv": [2, 2, 4, 3], "texture": "#0", "cullface": "down"},
				"west": {"uv": [2, 2, 3, 4], "rotation": 90, "texture": "#0", "cullface": "down"},
				"down": {"uv": [2, 2, 4, 4], "texture": "#0", "cullface": "down"}
			}
		},
		{
			"name": "n7",
			"from": [9.999, -0.499, 11.999],
			"to": [12.001, 0, 14.001],
			"rotation": {"angle": 0, "axis": "x", "origin": [8, 8, 8]},
			"faces": {
				"north": {"uv": [2, 3, 4, 4], "rotation": 180, "texture": "#0", "cullface": "down"},
				"east": {"uv": [3, 2, 4, 4], "rotation": 270, "texture": "#0", "cullface": "down"},
				"south": {"uv": [2, 2, 4, 3], "texture": "#0", "cullface": "down"},
				"west": {"uv": [2, 2, 3, 4], "rotation": 90, "texture": "#0", "cullface": "down"},
				"down": {"uv": [2, 2, 4, 4], "texture": "#0", "cullface": "down"}
			}
		},
		{
			"name": "n8",
			"from": [4.999, -0.4991, 7.999],
			"to": [8.001, 0, 11.001],
			"rotation": {"angle": 0, "axis": "x", "origin": [8, 8, 8]},
			"faces": {
				"north": {"uv": [5, 7, 8, 8], "rotation": 180, "texture": "#0", "cullface": "down"},
				"east": {"uv": [7, 5, 8, 8], "rotation": 270, "texture": "#0", "cullface": "down"},
				"south": {"uv": [5, 5, 8, 6], "texture": "#0", "cullface": "down"},
				"west": {"uv": [5, 5, 6, 8], "rotation": 90, "texture": "#0", "cullface": "down"},
				"down": {"uv": [5, 5, 8, 8], "texture": "#0", "cullface": "down"}
			}
		},
		{
			"name": "n9",
			"from": [3.999, -0.499, 6.999],
			"to": [6.001, 0, 10.001],
			"rotation": {"angle": 0, "axis": "x", "origin": [8, 8, 8]},
			"faces": {
				"north": {"uv": [4, 8, 6, 9], "rotation": 180, "texture": "#0", "cullface": "down"},
				"east": {"uv": [5, 6, 6, 9], "rotation": 270, "texture": "#0", "cullface": "down"},
				"south": {"uv": [4, 6, 6, 7], "texture": "#0", "cullface": "down"},
				"west": {"uv": [4, 6, 5, 9], "rotation": 90, "texture": "#0", "cullface": "down"},
				"down": {"uv": [4, 6, 6, 9], "texture": "#0", "cullface": "down"}
			}
		},
		{
			"name": "n10",
			"from": [12.999, -0.499, 6.999],
			"to": [15.001, 0, 9.001],
			"rotation": {"angle": 0, "axis": "x", "origin": [8, 8, 8]},
			"faces": {
				"north": {"uv": [2, 3, 4, 4], "rotation": 180, "texture": "#0", "cullface": "down"},
				"east": {"uv": [3, 2, 4, 4], "rotation": 270, "texture": "#0", "cullface": "down"},
				"south": {"uv": [2, 2, 4, 3], "texture": "#0", "cullface": "down"},
				"west": {"uv": [2, 2, 3, 4], "rotation": 90, "texture": "#0", "cullface": "down"},
				"down": {"uv": [2, 2, 4, 4], "texture": "#0", "cullface": "down"}
			}
		},
		{
			"name": "n11",
			"from": [0.999, -0.499, 5.999],
			"to": [3.001, 0, 8.001],
			"rotation": {"angle": 0, "axis": "x", "origin": [8, 8, 8]},
			"faces": {
				"north": {"uv": [2, 3, 4, 4], "rotation": 180, "texture": "#0", "cullface": "down"},
				"east": {"uv": [3, 2, 4, 4], "rotation": 270, "texture": "#0", "cullface": "down"},
				"south": {"uv": [2, 2, 4, 3], "texture": "#0", "cullface": "down"},
				"west": {"uv": [2, 2, 3, 4], "rotation": 90, "texture": "#0", "cullface": "down"},
				"down": {"uv": [2, 2, 4, 4], "texture": "#0", "cullface": "down"}
			}
		},
		{
			"name": "n12",
			"from": [8.999, -0.499, 4.999],
			"to": [11.001, 0, 6.001],
			"rotation": {"angle": 0, "axis": "x", "origin": [8, 8, 8]},
			"faces": {
				"east": {"uv": [10, 10, 11, 11], "rotation": 270, "texture": "#0", "cullface": "down"},
				"south": {"uv": [9, 10, 11, 11], "texture": "#0", "cullface": "down"},
				"west": {"uv": [9, 10, 10, 11], "rotation": 90, "texture": "#0", "cullface": "down"},
				"down": {"uv": [9, 10, 11, 11], "texture": "#0", "cullface": "down"}
			}
		},
		{
			"name": "n13",
			"from": [7.999, -0.4991, 2.999],
			"to": [13.001, 0, 5.001],
			"rotation": {"angle": 0, "axis": "x", "origin": [8, 8, 8]},
			"faces": {
				"north": {"uv": [8, 12, 13, 13], "rotation": 180, "texture": "#0", "cullface": "down"},
				"east": {"uv": [12, 11, 13, 13], "rotation": 270, "texture": "#0", "cullface": "down"},
				"south": {"uv": [8, 11, 13, 12], "texture": "#0", "cullface": "down"},
				"west": {"uv": [8, 11, 9, 13], "rotation": 90, "texture": "#0", "cullface": "down"},
				"down": {"uv": [8, 11, 13, 13], "texture": "#0", "cullface": "down"}
			}
		},
		{
			"name": "n14",
			"from": [9.999, -0.499, 1.999],
			"to": [11.001, 0, 3.001],
			"rotation": {"angle": 0, "axis": "x", "origin": [8, 8, 8]},
			"faces": {
				"north": {"uv": [10, 13, 11, 14], "texture": "#0", "cullface": "down"},
				"east": {"uv": [10, 13, 11, 14], "rotation": 270, "texture": "#0", "cullface": "down"},
				"west": {"uv": [10, 13, 11, 14], "rotation": 90, "texture": "#0", "cullface": "down"},
				"down": {"uv": [10, 13, 11, 14], "texture": "#0", "cullface": "down"}
			}
		},
		{
			"name": "n15",
			"from": [3.999, -0.499, 0.999],
			"to": [6.001, 0, 3.001],
			"rotation": {"angle": 0, "axis": "x", "origin": [8, 8, 8]},
			"faces": {
				"north": {"uv": [2, 3, 4, 4], "rotation": 180, "texture": "#0", "cullface": "down"},
				"east": {"uv": [3, 2, 4, 4], "rotation": 270, "texture": "#0", "cullface": "down"},
				"south": {"uv": [2, 2, 4, 3], "texture": "#0", "cullface": "down"},
				"west": {"uv": [2, 2, 3, 4], "rotation": 90, "texture": "#0", "cullface": "down"},
				"down": {"uv": [2, 2, 4, 4], "texture": "#0", "cullface": "down"}
			}
		}
	],
	"groups": [
		0,
		{
			"name": "group1",
			"origin": [0, 0, 0],
			"color": 0,
			"children": [1, 2, 3, 4, 5, 6, 7, 8, 9, 10]
		},
		{
			"name": "group2",
			"origin": [0, 0, 0],
			"color": 0,
			"children": [11, 12, 13, 14, 15, 16, 17, 18, 19, 20]
		},
		{
			"name": "group3",
			"origin": [0, 0, 0],
			"color": 0,
			"children": [21, 22, 23, 24, 25, 26, 27, 28, 29, 30]
		},
		{
			"name": "group4",
			"origin": [0, 0, 0],
			"color": 0,
			"children": [31, 32, 33, 34, 35, 36, 37, 38, 39, 40]
		},
		{
			"name": "group5",
			"origin": [0, 0, 0],
			"color": 0,
			"children": [41, 42, 43, 44, 45, 46, 47, 48, 49, 50]
		},
		{
			"name": "group6",
			"origin": [0, 0, 0],
			"color": 0,
			"children": [51, 52, 53, 54, 55, 56, 57, 58, 59, 60]
		}
	]
}