{
    "__comment": "Model generated using MrCrayfish's Model Creator (http://mrcrayfish.com/modelcreator/)",
    "textures": {
        "particle": "block/iron_trapdoor",
        "0": "block/iron_trapdoor"
    },
    "elements": [
        {
            "name": "Bottom",
            "from": [ 0.0, 0.0, 13.0 ], 
            "to": [ 16.0, 3.0, 16.0 ], 
            "faces": {
                "north": { "texture": "#0", "uv": [ 0.0, 13.0, 16.0, 16.0 ] },
                "east": { "texture": "#0", "uv": [ 13.0, 13.0, 16.0, 16.0 ] },
                "south": { "texture": "#0", "uv": [ 0.0, 13.0, 16.0, 16.0 ] },
                "west": { "texture": "#0", "uv": [ 16.0, 13.0, 13.0, 16.0 ] },
                "up": { "texture": "#0", "uv": [ 0.0, 16.0, 16.0, 13.0 ] },
                "down": { "texture": "#0", "uv": [ 0.0, 13.0, 16.0, 16.0 ] }
            }
        },
        {
            "name": "Top",
            "from": [ 0.0, 13.0, 13.0 ], 
            "to": [ 16.0, 16.0, 16.0 ], 
            "faces": {
                "north": { "texture": "#0", "uv": [ 0.0, 0.0, 16.0, 3.0 ] },
                "east": { "texture": "#0", "uv": [ 13.0, 0.0, 16.0, 3.0 ] },
                "south": { "texture": "#0", "uv": [ 0.0, 0.0, 16.0, 3.0 ] },
                "west": { "texture": "#0", "uv": [ 16.0, 0.0, 13.0, 3.0 ] },
                "up": { "texture": "#0", "uv": [ 0.0, 16.0, 16.0, 13.0 ] },
                "down": { "texture": "#0", "uv": [ 0.0, 13.0, 16.0, 16.0 ] }
            }
        },
        {
            "name": "West",
            "from": [ 0.0, 3.0, 13.0 ], 
            "to": [ 3.0, 13.0, 16.0 ], 
            "faces": {
                "north": { "texture": "#0", "uv": [ 13.0, 3.0, 16.0, 13.0 ] },
                "east": { "texture": "#0", "uv": [ 13.0, 3.0, 16.0, 13.0 ] },
                "south": { "texture": "#0", "uv": [ 0.0, 3.0, 3.0, 13.0 ] },
                "west": { "texture": "#0", "uv": [ 16.0, 3.0, 13.0, 13.0 ] }
            }
        },
        {
            "name": "East",
            "from": [ 13.0, 3.0, 13.0 ], 
            "to": [ 16.0, 13.0, 16.0 ], 
            "faces": {
                "north": { "texture": "#0", "uv": [ 0.0, 3.0, 3.0, 13.0 ] },
                "east": { "texture": "#0", "uv": [ 13.0, 3.0, 16.0, 13.0 ] },
                "south": { "texture": "#0", "uv": [ 13.0, 3.0, 16.0, 13.0 ] },
                "west": { "texture": "#0", "uv": [ 16.0, 3.0, 13.0, 13.0 ] }
            }
        },
        {
            "name": "WE Middle",
            "from": [ 3.0, 6.0, 13.0 ], 
            "to": [ 13.0, 10.0, 16.0 ], 
            "faces": {
                "north": { "texture": "#0", "uv": [ 3.0, 6.0, 13.0, 10.0 ] },
                "south": { "texture": "#0", "uv": [ 3.0, 6.0, 13.0, 10.0 ] },
                "up": { "texture": "#0", "uv": [ 3.0, 16.0, 13.0, 13.0 ] },
                "down": { "texture": "#0", "uv": [ 3.0, 13.0, 13.0, 16.0 ] }
            }
        },
        {
            "name": "UD Middle",
            "from": [ 6.0, 3.0, 13.0 ], 
            "to": [ 10.0, 13.0, 16.0 ], 
            "faces": {
                "north": { "texture": "#0", "uv": [ 6.0, 3.0, 10.0, 13.0 ] },
                "east": { "texture": "#0", "uv": [ 13.0, 3.0, 16.0, 13.0 ] },
                "south": { "texture": "#0", "uv": [ 6.0, 3.0, 10.0, 13.0 ] },
                "west": { "texture": "#0", "uv": [ 16.0, 3.0, 13.0, 13.0 ] }
            }
        }
    ]
}