{
	"__comment": "Designed by MSpaceDev with Cubik Studio - https://cubik.studio",
	"textures": {
		"particle": "block/iron_bars",
		"bars": "block/iron_bars",
		"edge": "block/iron_bars"
	},
	"elements": [ 	 
		{
			"from": [ 7, 0, 8 ],
			"to": [ 9, 16, 9 ],
			"faces": {
				"north": { "uv": [ 9, 0, 7, 16 ], "texture": "#bars" },
				"south": { "uv": [ 7, 0, 9, 16 ], "texture": "#bars" },
				"west": { "uv": [ 8.999, 0, 9, 16 ], "texture": "#bars" },
				"east": { "uv": [ 7, 0, 7.001, 16 ], "texture": "#bars" }
			}
		}
	]
}