{
    "__comment": "Model generated using MrCrayfish's Model Creator (http://mrcrayfish.com/modelcreator/)",
    "textures": {
        "particle": "block/jungle_trapdoor",
        "0": "block/jungle_trapdoor"
    },
    "elements": [
        {
            "name": "Bottom",
            "from": [ 0.0, 0.0, 13.0 ], 
            "to": [ 16.0, 3.0, 16.0 ], 
            "faces": {
                "north": { "texture": "#0", "uv": [ 0.0, 3.0, 16.0, 0.0 ] },
                "east": { "texture": "#0", "uv": [ 16.0, 0.0, 13.0, 3.0 ], "rotation": 270 },
                "south": { "texture": "#0", "uv": [ 0.0, 3.0, 16.0, 0.0 ] },
                "west": { "texture": "#0", "uv": [ 0.0, 0.0, 3.0, 3.0 ], "rotation": 90 },
                "up": { "texture": "#0", "uv": [ 0.0, 3.0, 16.0, 0.0 ] },
                "down": { "texture": "#0", "uv": [ 0.0, 0.0, 16.0, 3.0 ] }
            }
        },
        {
            "name": "Top",
            "from": [ 0.0, 12.0, 13.0 ], 
            "to": [ 16.0, 16.0, 16.0 ], 
            "faces": {
                "north": { "texture": "#0", "uv": [ 0.0, 16.0, 16.0, 12.0 ] },
                "east": { "texture": "#0", "uv": [ 16.0, 0.0, 13.0, 3.0 ], "rotation": 270 },
                "south": { "texture": "#0", "uv": [ 0.0, 16.0, 16.0, 12.0 ]  },
                "west": { "texture": "#0", "uv": [ 0.0, 0.0, 3.0, 3.0 ], "rotation": 90 },
                "up": { "texture": "#0", "uv": [ 0.0, 3.0, 16.0, 0.0 ] },
                "down": { "texture": "#0", "uv": [ 0.0, 0.0, 16.0, 3.0 ] }
            }
        },
        {
            "name": "West",
            "from": [ 0.0, 3.0, 13.0 ], 
            "to": [ 3.0, 12.0, 16.0 ], 
            "faces": {
                "north": { "texture": "#0", "uv": [ 13.0, 3.0, 16.0, 13.0 ] },
                "east": { "texture": "#0", "uv": [ 3.0, 3.0, 13.0, 0.0 ], "rotation": 90 },
                "south": { "texture": "#0", "uv": [ 0.0, 3.0, 3.0, 13.0 ] },
                "west": { "texture": "#0", "uv": [ 3.0, 0.0, 13.0, 3.0 ], "rotation": 90 }
            }
        },
        {
            "name": "East",
            "from": [ 13.0, 3.0, 13.0 ], 
            "to": [ 16.0, 12.0, 16.0 ], 
            "faces": {
                "north": { "texture": "#0", "uv": [ 0.0, 3.0, 3.0, 13.0 ] },
                "east": { "texture": "#0", "uv": [ 3.0, 3.0, 13.0, 0.0 ], "rotation": 90 },
                "south": { "texture": "#0", "uv": [ 13.0, 3.0, 16.0, 13.0 ] },
                "west": { "texture": "#0", "uv": [ 3.0, 0.0, 13.0, 3.0 ], "rotation": 90 }
            }
        },
        {
            "name": "Left Bar",
            "from": [ 6.0, 3.0, 13.5 ], 
            "to": [ 7.0, 12.0, 15.5 ], 
            "faces": {
                "north": { "texture": "#0", "uv": [ 6.0, 3.0, 7.0, 12.0 ] },
                "east": { "texture": "#0", "uv": [ 1.0, 0.0, 11.0, 3.0 ], "rotation": 90 },
                "south": { "texture": "#0", "uv": [ 6.0, 3.0, 7.0, 12.0 ] },
                "west": { "texture": "#0", "uv": [ 1.0, 3.0, 11.0, 0.0 ], "rotation": 90 }
            }
        },
        {
            "name": "Right Bar",
            "from": [ 9.0, 3.0, 13.5 ], 
            "to": [ 10.0, 12.0, 15.5 ], 
            "faces": {
                "north": { "texture": "#0", "uv": [ 9.0, 3.0, 10.0, 12.0 ] },
                "east": { "texture": "#0", "uv": [ 5.0, 0.0, 15.0, 3.0 ], "rotation": 90 },
                "south": { "texture": "#0", "uv": [ 9.0, 3.0, 10.0, 12.0 ] },
                "west": { "texture": "#0", "uv": [ 5.0, 3.0, 15.0, 0.0 ], "rotation": 90 }
            }
        },
        {
            "name": "Middle Piece",
            "from": [ 3.0, 7.0, 13.0 ], 
            "to": [ 13.0, 9.0, 16.0 ], 
            "faces": {
                "north": { "texture": "#0", "uv": [ 3.0, 7.0, 13.0, 9.0 ] },
                "south": { "texture": "#0", "uv": [ 3.0, 7.0, 13.0, 9.0 ] },
                "up": { "texture": "#0", "uv": [ 3.0, 3.0, 13.0, 0.0 ] },
                "down": { "texture": "#0", "uv": [ 3.0, 0.0, 13.0, 3.0 ] }
            }
        },
        {
            "name": "Corner SW 1",
            "from": [ 3.0, 9.0, 13.0 ], 
            "to": [ 4.0, 12.0, 16.0 ], 
            "faces": {
                "north": { "texture": "#0", "uv": [ 3.0, 9.0, 4.0, 12.0 ] },
                "east": { "texture": "#0", "uv": [ 1.0, 9.0, 4.0, 12.0 ] },
                "south": { "texture": "#0", "uv": [ 3.0, 9.0, 4.0, 12.0 ] }
            }
        },
        {
            "name": "SW 2",
            "from": [ 4.0, 11.0, 13.0 ], 
            "to": [ 5.0, 12.0, 16.0 ], 
            "faces": {
                "north": { "texture": "#0", "uv": [ 4.0, 11.0, 5.0, 12.0 ] },
                "east": { "texture": "#0", "uv": [ 2.0, 11.0, 5.0, 12.0 ] },
                "south": { "texture": "#0", "uv": [ 4.0, 11.0, 5.0, 12.0 ] },
                "down": { "texture": "#0", "uv": [ 4.0, 11.0, 5.0, 14.0 ] }
            }
        },
        {
            "name": "SE 1",
            "from": [ 11.0, 11.0, 13.0 ], 
            "to": [ 12.0, 12.0, 16.0 ], 
            "faces": {
                "north": { "texture": "#0", "uv": [ 11.0, 11.0, 12.0, 12.0 ] },
                "south": { "texture": "#0", "uv": [ 11.0, 11.0, 12.0, 12.0 ] },
                "west": { "texture": "#0", "uv": [ 14.0, 11.0, 11.0, 12.0 ] },
                "down": { "texture": "#0", "uv": [ 11.0, 11.0, 12.0, 14.0 ] }
            }
        },
        {
            "name": "SE 2",
            "from": [ 12.0, 9.0, 13.0 ], 
            "to": [ 13.0, 12.0, 16.0 ], 
            "faces": {
                "north": { "texture": "#0", "uv": [ 12.0, 9.0, 13.0, 12.0 ] },
                "south": { "texture": "#0", "uv": [ 12.0, 9.0, 13.0, 12.0 ] },
                "west": { "texture": "#0", "uv": [ 12.0, 9.0, 15.0, 12.0 ] }
            }
        },
        {
            "name": "NW 1",
            "from": [ 3.0, 3.0, 13.0 ], 
            "to": [ 4.0, 5.0, 16.0 ], 
            "faces": {
                "north": { "texture": "#0", "uv": [ 12.0, 3.0, 13.0, 5.0 ] },
                "east": { "texture": "#0", "uv": [ 12.0, 3.0, 15.0, 5.0 ] },
                "south": { "texture": "#0", "uv": [ 12.0, 3.0, 13.0, 5.0 ] },
                "up": { "texture": "#0", "uv": [ 12.0, 2.0, 13.0, 5.0 ] }
            }
        },
        {
            "name": "NW 2",
            "from": [ 4.0, 3.0, 13.0 ], 
            "to": [ 5.0, 4.0, 16.0 ], 
            "faces": {
                "north": { "texture": "#0", "uv": [ 11.0, 3.0, 12.0, 4.0 ] },
                "east": { "texture": "#0", "uv": [ 11.0, 3.0, 14.0, 4.0 ] },
                "south": { "texture": "#0", "uv": [ 11.0, 3.0, 12.0, 4.0 ] },
                "west": { "texture": "#0", "uv": [ 11.0, 3.0, 14.0, 4.0 ] },
                "up": { "texture": "#0", "uv": [ 11.0, 1.0, 12.0, 4.0 ] }
            }
        },
        {
            "name": "NE 1",
            "from": [ 12.0, 3.0, 13.0 ], 
            "to": [ 13.0, 5.0, 16.0 ], 
            "faces": {
                "north": { "texture": "#0", "uv": [ 3.0, 3.0, 4.0, 5.0 ] },
                "south": { "texture": "#0", "uv": [ 3.0, 3.0, 4.0, 5.0 ] },
                "west": { "texture": "#0", "uv": [ 1.0, 3.0, 4.0, 5.0 ] },
                "up": { "texture": "#0", "uv": [ 3.0, 2.0, 4.0, 5.0 ] }
            }
        },
        {
            "name": "NE 2",
            "from": [ 11.0, 3.0, 13.0 ], 
            "to": [ 12.0, 4.0, 16.0 ], 
            "faces": {
                "north": { "texture": "#0", "uv": [ 4.0, 3.0, 5.0, 4.0 ] },
                "east": { "texture": "#0", "uv": [ 2.0, 3.0, 5.0, 4.0 ] },
                "south": { "texture": "#0", "uv": [ 12.0, 3.0, 13.0, 4.0 ] },
                "west": { "texture": "#0", "uv": [ 2.0, 3.0, 5.0, 4.0 ] },
                "up": { "texture": "#0", "uv": [ 4.0, 1.0, 5.0, 4.0 ] }
            }
        }
    ]
}