{
	"credit": "Made with Blockbench",
	"parent": "block/thin_block",
	"textures": {
		"0": "block/mangrove_trapdoor",
		"particle": "block/mangrove_trapdoor"
	},
	"elements": [
		{
			"name": "West",
			"from": [0, 0, 0],
			"to": [5, 3, 16],
			"faces": {
				"north": {"uv": [11, 0, 16, 3], "texture": "#0"},
				"east": {"uv": [2, 0, 5, 16], "rotation": 90, "texture": "#0"},
				"south": {"uv": [0, 0, 5, 3], "texture": "#0"},
				"west": {"uv": [0, 0, 16, 3], "texture": "#0"},
				"up": {"uv": [0, 0, 5, 16], "texture": "#0"},
				"down": {"uv": [0, 0, 5, 16], "texture": "#0"}
			}
		},
		{
			"name": "East",
			"from": [11, 0, 0],
			"to": [16, 3, 16],
			"faces": {
				"north": {"uv": [0, 0, 5, 3], "texture": "#0"},
				"east": {"uv": [0, 0, 16, 3], "texture": "#0"},
				"south": {"uv": [11, 0, 16, 3], "texture": "#0"},
				"west": {"uv": [11, 0, 14, 16], "rotation": 270, "texture": "#0"},
				"up": {"uv": [11, 0, 16, 16], "texture": "#0"},
				"down": {"uv": [11, 0, 16, 16], "texture": "#0"}
			}
		},
		{
			"name": "North",
			"from": [5, 0, 0],
			"to": [11, 3, 5],
			"faces": {
				"north": {"uv": [5, 0, 11, 3], "texture": "#0"},
				"south": {"uv": [5, 2, 11, 5], "texture": "#0"},
				"up": {"uv": [5, 0, 11, 5], "texture": "#0"},
				"down": {"uv": [5, 0, 11, 5], "texture": "#0"}
			}
		},
		{
			"name": "South",
			"from": [5, 0, 11],
			"to": [11, 3, 16],
			"faces": {
				"north": {"uv": [5, 11, 11, 14], "rotation": 180, "texture": "#0"},
				"south": {"uv": [5, 0, 11, 3], "texture": "#0"},
				"up": {"uv": [5, 11, 11, 16], "texture": "#0"},
				"down": {"uv": [5, 11, 11, 16], "texture": "#0"}
			}
		},
		{
			"name": "Hole_Corner_NE",
			"from": [10, 0, 5],
			"to": [11, 3, 6],
			"faces": {
				"south": {"uv": [11, 5, 14, 6], "rotation": 270, "texture": "#0"},
				"west": {"uv": [10, 2, 11, 5], "texture": "#0"},
				"up": {"uv": [10, 5, 11, 6], "texture": "#0"},
				"down": {"uv": [10, 5, 11, 6], "texture": "#0"}
			}
		},
		{
			"name": "Hole_Corner_SE",
			"from": [10, 0, 10],
			"to": [11, 3, 11],
			"faces": {
				"north": {"uv": [11, 10, 14, 11], "rotation": 90, "texture": "#0"},
				"west": {"uv": [10, 11, 11, 14], "texture": "#0"},
				"up": {"uv": [10, 10, 11, 11], "texture": "#0"},
				"down": {"uv": [10, 10, 11, 11], "texture": "#0"}
			}
		},
		{
			"name": "Hole_Corner_NW",
			"from": [5, 0, 5],
			"to": [6, 3, 6],
			"faces": {
				"east": {"uv": [2, 5, 5, 6], "rotation": 90, "texture": "#0"},
				"south": {"uv": [5, 2, 6, 5], "texture": "#0"},
				"up": {"uv": [5, 5, 6, 6], "texture": "#0"},
				"down": {"uv": [5, 5, 6, 6], "texture": "#0"}
			}
		},
		{
			"name": "Hole_Corner_SW",
			"from": [5, 0, 10],
			"to": [6, 3, 11],
			"faces": {
				"north": {"uv": [5, 11, 6, 14], "texture": "#0"},
				"east": {"uv": [2, 10, 5, 11], "rotation": 90, "texture": "#0"},
				"up": {"uv": [5, 10, 6, 11], "texture": "#0"},
				"down": {"uv": [5, 10, 6, 11], "texture": "#0"}
			}
		}
	]
}