{
    "__comment": "Model generated using MrCrayfish's Model Creator (http://mrcrayfish.com/modelcreator/)",
    "textures": {
        "particle": "block/rail_normal",
        "0": "block/rail_normal"
    },
    "elements": [
        {
            "name": "Railing L",
            "from": [ 2.0, 0.0, 0.0 ], 
            "to": [ 4.0, 1.0, 16.0 ],
            "faces": {
                "north": { "texture": "#0", "uv": [ 2.0, 0.0, 4.0, 1.0 ], "rotation": 180, "cullface": "north" },
                "east": { "texture": "#0", "uv": [ 3.0, 0.0, 4.0, 16.0 ], "rotation": 90 },
                "south": { "texture": "#0", "uv": [ 2.0, 15.0, 4.0, 16.0 ], "cullface": "south" },
                "west": { "texture": "#0", "uv": [ 2.0, 0.0, 3.0, 16.0 ], "rotation": 270 },
                "up": { "texture": "#0", "uv": [ 2.0, 0.0, 4.0, 16.0 ] },
                "down": { "texture": "#0", "uv": [ 2.0, 0.0, 4.0, 16.0 ], "cullface": "down" }
            }
        },
        {
            "name": "Railing R",
            "from": [ 12.0, 0.0, 0.0 ], 
            "to": [ 14.0, 1.0, 16.0 ], 
            "faces": {
                "north": { "texture": "#0", "uv": [ 12.0, 0.0, 14.0, 1.0 ], "rotation": 180, "cullface": "north" },
                "east": { "texture": "#0", "uv": [ 13.0, 0.0, 14.0, 16.0 ], "rotation": 90 },
                "south": { "texture": "#0", "uv": [ 12.0, 15.0, 14.0, 16.0 ], "cullface": "south" },
                "west": { "texture": "#0", "uv": [ 12.0, 0.0, 13.0, 16.0 ], "rotation": 270 },
                "up": { "texture": "#0", "uv": [ 12.0, 0.0, 14.0, 16.0 ] },
                "down": { "texture": "#0", "uv": [ 12.0, 0.0, 14.0, 16.0 ], "cullface": "down" }
            }
        },
        {
            "name": "Plank N1",
            "from": [ 1.04, 0.01, 1.0 ], 
            "to": [ 14.96, 0.75, 3.0 ],
            "faces": {
                "north": { "texture": "#0", "uv": [ 1.0, 1.0, 15.0, 1.75 ], "rotation": 180 },
                "east": { "texture": "#0", "uv": [ 14.0, 1.0, 15.0, 3.0 ], "rotation": 90 },
                "south": { "texture": "#0", "uv": [ 1.0, 2.0, 15.0, 2.75 ] },
                "west": { "texture": "#0", "uv": [ 1.0, 1.0, 2.0, 3.0 ], "rotation": 270 },
                "up": { "texture": "#0", "uv": [ 1.0, 1.0, 15.0, 3.0 ] },
                "down": { "texture": "#0", "uv": [ 1.0, 3.0, 15.0, 1.0 ], "cullface": "down" }
            }
        },
        {
            "name": "Plank N2",
            "from": [ 1.04, 0.01, 5.0 ], 
            "to": [ 14.96, 0.75, 7.0 ], 
            "faces": {
                "north": { "texture": "#0", "uv": [ 1.0, 5.0, 15.0, 5.75 ], "rotation": 180 },
                "east": { "texture": "#0", "uv": [ 14.0, 5.0, 15.0, 7.0 ], "rotation": 90 },
                "south": { "texture": "#0", "uv": [ 1.0, 6.0, 15.0, 6.75 ] },
                "west": { "texture": "#0", "uv": [ 1.0, 5.0, 2.0, 7.0 ], "rotation": 270 },
                "up": { "texture": "#0", "uv": [ 1.0, 5.0, 15.0, 7.0 ] },
                "down": { "texture": "#0", "uv": [ 1.0, 7.0, 15.0, 5.0 ], "cullface": "down" }
            }
        },
        {
            "name": "Plank N3",
            "from": [ 1.04, 0.01, 9.0 ], 
            "to": [ 14.96, 0.75, 11.0 ],
            "faces": {
                "north": { "texture": "#0", "uv": [ 1.0, 9.0, 15.0, 9.75 ], "rotation": 180 },
                "east": { "texture": "#0", "uv": [ 14.0, 9.0, 15.0, 11.0 ], "rotation": 90 },
                "south": { "texture": "#0", "uv": [ 1.0, 10.0, 15.0, 10.75 ] },
                "west": { "texture": "#0", "uv": [ 1.0, 9.0, 2.0, 11.0 ], "rotation": 270 },
                "up": { "texture": "#0", "uv": [ 1.0, 9.0, 15.0, 11.0 ] },
                "down": { "texture": "#0", "uv": [ 1.0, 11.0, 15.0, 9.0 ], "cullface": "down" }
            }
        },
        {
            "name": "Plank N4",
            "from": [ 1.04, 0.01, 13.0 ], 
            "to": [ 14.96, 0.75, 15.0 ],  
            "faces": {
                "north": { "texture": "#0", "uv": [ 1.0, 13.0, 15.0, 13.75 ], "rotation": 180 },
                "east": { "texture": "#0", "uv": [ 14.0, 13.0, 15.0, 15.0 ], "rotation": 90 },
                "south": { "texture": "#0", "uv": [ 1.0, 14.0, 15.0, 14.75 ] },
                "west": { "texture": "#0", "uv": [ 1.0, 13.0, 2.0, 15.0 ], "rotation": 270 },
                "up": { "texture": "#0", "uv": [ 1.0, 13.0, 15.0, 15.0 ] },
                "down": { "texture": "#0", "uv": [ 1.0, 15.0, 15.0, 13.0 ], "cullface": "down" }
            }
        }
    ]
}