{
	"credit": "Model generated using MrCrayfish's Model Creator (http://mrcrayfish.com/modelcreator/)",
	"textures": {
		"0": "block/oak_door_top",
		"particle": "block/oak_door_top"
	},
	"elements": [
		{
			"name": "Bottom",
			"from": [0, 0, 0],
			"to": [3, 5, 16],
			"faces": {
				"north": {"uv": [3, 11, 0, 16], "texture": "#0"},
				"east": {"uv": [16, 11, 0, 16], "texture": "#0"},
				"south": {"uv": [0, 11, 3, 16], "texture": "#0"},
				"west": {"uv": [0, 11, 16, 16], "texture": "#0"},
				"up": {"uv": [13, 0, 16, 16], "texture": "#0"},
				"down": {"uv": [13, 0, 16, 16], "texture": "#0"}
			}
		},
		{
			"name": "Left Side",
			"from": [0, 5, 0],
			"to": [3, 16, 3],
			"faces": {
				"north": {"uv": [3, 0, 0, 11], "texture": "#0"},
				"east": {"uv": [3, 0, 0, 11], "texture": "#0"},
				"south": {"uv": [0, 4, 3, 15], "texture": "#0"},
				"west": {"uv": [0, 0, 3, 11], "texture": "#0"},
				"up": {"uv": [13, 0, 16, 3], "texture": "#0"}
			}
		},
		{
			"name": "Right Side",
			"from": [0, 5, 13],
			"to": [3, 16, 16],
			"faces": {
				"north": {"uv": [16, 1, 13, 12], "texture": "#0"},
				"east": {"uv": [16, 0, 13, 11], "texture": "#0"},
				"south": {"uv": [13, 0, 16, 11], "texture": "#0"},
				"west": {"uv": [13, 0, 16, 11], "texture": "#0"},
				"up": {"uv": [13, 13, 16, 16], "texture": "#0"}
			}
		},
		{
			"name": "Top",
			"from": [0, 13, 3],
			"to": [3, 16, 13],
			"faces": {
				"north": {"uv": [13, 0, 16, 3], "texture": "#0"},
				"east": {"uv": [13, 0, 3, 3], "texture": "#0"},
				"south": {"uv": [13, 0, 16, 3], "texture": "#0"},
				"west": {"uv": [3, 0, 13, 3], "texture": "#0"},
				"up": {"uv": [13, 3, 16, 13], "texture": "#0"},
				"down": {"uv": [13, 3, 16, 13], "texture": "#0"}
			}
		},
		{
			"name": "Horizontal",
			"from": [0, 8, 3],
			"to": [3, 10, 13],
			"faces": {
				"east": {"uv": [13, 6, 3, 8], "texture": "#0"},
				"west": {"uv": [3, 6, 13, 8], "texture": "#0"},
				"up": {"uv": [13, 3, 16, 13], "texture": "#0"},
				"down": {"uv": [13, 3, 16, 13], "texture": "#0"}
			}
		},
		{
			"name": "Upper Bar",
			"from": [0, 10, 7],
			"to": [3, 13, 9],
			"faces": {
				"north": {"uv": [9, 3, 7, 6], "texture": "#0"},
				"east": {"uv": [9, 3, 7, 6], "texture": "#0"},
				"south": {"uv": [7, 3, 9, 6], "texture": "#0"},
				"west": {"uv": [7, 3, 9, 6], "texture": "#0"}
			}
		},
		{
			"name": "Lower Bar",
			"from": [0, 5, 7],
			"to": [3, 8, 9],
			"faces": {
				"north": {"uv": [9, 8, 7, 11], "texture": "#0"},
				"east": {"uv": [9, 8, 7, 11], "texture": "#0"},
				"south": {"uv": [7, 8, 9, 11], "texture": "#0"},
				"west": {"uv": [7, 8, 9, 11], "texture": "#0"}
			}
		}
	]
}