{
    "parent": "block/cube",
    "display": {
        "firstperson_righthand": {
            "rotation": [ 0, 135, 0 ],
            "translation": [ 0, -0.2, 0 ],
            "scale": [ 0.40, 0.40, 0.40 ]
        },
        "firstperson_lefthand": {
            "rotation": [ 0, 135, 0 ],
            "translation": [ 0, -0.2, 0 ],
            "scale": [ 0.40, 0.40, 0.40 ]
        }
    },
    "textures": {
        "particle": "#front",
        "down": "#top",
        "up": "#top",
        "north": "#front",
        "east": "#side",
        "south": "#side",
        "west": "#side"
    }
}
