{
	"format_version": "1.9.0",
	"credit": "Made with Blockbench",
	"textures": {
		"particle": "minecraft:block/powered_rail",
		"rail": "minecraft:block/powered_rail"
	},
	"elements": [
		{
			"name": "Railing L",
			"from": [2, 0, 0],
			"to": [5, 1, 16],
			"faces": {
				"north": {"uv": [2, 0, 5, 1], "rotation": 180, "texture": "#rail", "cullface": "north"},
				"east": {"uv": [4, 0, 5, 16], "rotation": 90, "texture": "#rail"},
				"south": {"uv": [2, 15, 5, 16], "texture": "#rail", "cullface": "south"},
				"west": {"uv": [2, 0, 3, 16], "rotation": 270, "texture": "#rail"},
				"up": {"uv": [2, 0, 5, 16], "texture": "#rail"},
				"down": {"uv": [2, 0, 5, 16], "texture": "#rail", "cullface": "down"}
			}
		},
		{
			"name": "Railing R",
			"from": [11, 0, 0],
			"to": [14, 1, 16],
			"faces": {
				"north": {"uv": [11, 0, 14, 1], "rotation": 180, "texture": "#rail", "cullface": "north"},
				"east": {"uv": [13, 0, 14, 16], "rotation": 90, "texture": "#rail"},
				"south": {"uv": [11, 15, 14, 16], "texture": "#rail", "cullface": "south"},
				"west": {"uv": [11, 0, 12, 16], "rotation": 270, "texture": "#rail"},
				"up": {"uv": [11, 0, 14, 16], "texture": "#rail"},
				"down": {"uv": [11, 0, 14, 16], "texture": "#rail", "cullface": "down"}
			}
		},
		{
			"name": "Plank 1",
			"from": [1, 0.002, 1],
			"to": [15, 0.999, 3],
			"faces": {
				"north": {"uv": [1, 1, 15, 1.75], "rotation": 180, "texture": "#rail"},
				"east": {"uv": [14, 1, 15, 3], "rotation": 90, "texture": "#rail"},
				"south": {"uv": [1, 2.25, 15, 3], "texture": "#rail"},
				"west": {"uv": [1, 1, 2, 3], "rotation": 270, "texture": "#rail"},
				"up": {"uv": [1, 1, 15, 3], "texture": "#rail"},
				"down": {"uv": [1, 3, 15, 1], "texture": "#rail", "cullface": "down"}
			}
		},
		{
			"name": "Plank 2",
			"from": [1, 0.002, 5],
			"to": [15, 0.999, 7],
			"faces": {
				"north": {"uv": [1, 5, 15, 5.75], "rotation": 180, "texture": "#rail"},
				"east": {"uv": [14, 5, 15, 7], "rotation": 90, "texture": "#rail"},
				"south": {"uv": [1, 6, 15, 6.75], "texture": "#rail"},
				"west": {"uv": [1, 5, 2, 7], "rotation": 270, "texture": "#rail"},
				"up": {"uv": [1, 5, 15, 7], "texture": "#rail"},
				"down": {"uv": [1, 7, 15, 5], "texture": "#rail", "cullface": "down"}
			}
		},
		{
			"name": "Plank 3",
			"from": [1, 0.002, 9],
			"to": [15, 0.999, 11],
			"faces": {
				"north": {"uv": [1, 9, 15, 9.75], "rotation": 180, "texture": "#rail"},
				"east": {"uv": [14, 9, 15, 11], "rotation": 90, "texture": "#rail"},
				"south": {"uv": [1, 10, 15, 10.75], "texture": "#rail"},
				"west": {"uv": [1, 9, 2, 11], "rotation": 270, "texture": "#rail"},
				"up": {"uv": [1, 9, 15, 11], "texture": "#rail"},
				"down": {"uv": [1, 11, 15, 9], "texture": "#rail", "cullface": "down"}
			}
		},
		{
			"name": "Plank 4",
			"from": [1, 0.002, 13],
			"to": [15, 0.999, 15],
			"faces": {
				"north": {"uv": [1, 13, 15, 13.75], "rotation": 180, "texture": "#rail"},
				"east": {"uv": [14, 13, 15, 15], "rotation": 90, "texture": "#rail"},
				"south": {"uv": [1, 14, 15, 14.75], "texture": "#rail"},
				"west": {"uv": [1, 13, 2, 15], "rotation": 270, "texture": "#rail"},
				"up": {"uv": [1, 13, 15, 15], "texture": "#rail"},
				"down": {"uv": [1, 15, 15, 13], "texture": "#rail", "cullface": "down"}
			}
		},
		{
			"name": "Power Strip",
			"from": [7, 0.003, 3],
			"to": [9, 0.998, 13],
			"faces": {
				"east": {"uv": [8, 3, 9, 13], "rotation": 90, "texture": "#rail"},
				"west": {"uv": [7, 3, 8, 13], "rotation": 270, "texture": "#rail"},
				"up": {"uv": [7, 3, 9, 13], "texture": "#rail"},
				"down": {"uv": [7, 13, 9, 3], "texture": "#rail", "cullface": "down"}
			}
		}
	],
	"groups": [
		{
			"name": "group",
			"origin": [0, 0, 0],
			"color": 0,
			"children": [0, 1, 2, 3, 4, 5, 6]
		}
	]
}