{
	"format_version": "1.9.0",
	"credit": "Made with Blockbench",
	"textures": {
		"particle": "block/powered_rail",
		"rail": "block/powered_rail"
	},
	"elements": [
		{
			"name": "Railing L",
			"from": [1.9998, -0.2073, 0.5],
			"to": [5, 0.4998, 16.5],
			"rotation": {"angle": -45, "axis": "x", "origin": [8, 0, 0], "rescale": true},
			"faces": {
				"north": {"uv": [2, 0, 5, 1], "rotation": 180, "texture": "#rail"},
				"east": {"uv": [4, 0, 5, 16], "rotation": 90, "texture": "#rail"},
				"south": {"uv": [2, 15, 5, 16], "texture": "#rail"},
				"west": {"uv": [2, 0, 3, 16], "rotation": 270, "texture": "#rail"},
				"up": {"uv": [2, 0, 5, 16], "texture": "#rail"},
				"down": {"uv": [2, 0, 5, 16], "texture": "#rail"}
			}
		},
		{
			"name": "Railing R",
			"from": [10.9998, -0.2073, 0.5],
			"to": [14, 0.4998, 16.5],
			"rotation": {"angle": -45, "axis": "x", "origin": [8, 0, 0], "rescale": true},
			"faces": {
				"north": {"uv": [11, 0, 14, 1], "rotation": 180, "texture": "#rail"},
				"east": {"uv": [13, 0, 14, 16], "rotation": 90, "texture": "#rail"},
				"south": {"uv": [11, 15, 14, 16], "texture": "#rail"},
				"west": {"uv": [11, 0, 12, 16], "rotation": 270, "texture": "#rail"},
				"up": {"uv": [11, 0, 14, 16], "texture": "#rail"},
				"down": {"uv": [11, 0, 14, 16], "texture": "#rail"}
			}
		},
		{
			"name": "Plank N1",
			"from": [1, -0.207, 1.5],
			"to": [15, 0.499, 3.5],
			"rotation": {"angle": -45, "axis": "x", "origin": [8, 0, 0], "rescale": true},
			"faces": {
				"north": {"uv": [1, 2, 15, 3], "texture": "#rail"},
				"east": {"uv": [14, 1, 15, 3], "rotation": 270, "texture": "#rail"},
				"south": {"uv": [1, 1, 15, 2], "rotation": 180, "texture": "#rail"},
				"west": {"uv": [1, 1, 2, 3], "rotation": 90, "texture": "#rail"},
				"up": {"uv": [1, 1, 15, 3], "rotation": 180, "texture": "#rail"},
				"down": {"uv": [1, 3, 15, 1], "rotation": 180, "texture": "#rail"}
			}
		},
		{
			"name": "Plank N2",
			"from": [1, -0.207, 5.5],
			"to": [15, 0.499, 7.5],
			"rotation": {"angle": -45, "axis": "x", "origin": [8, 0, 0], "rescale": true},
			"faces": {
				"north": {"uv": [1, 6, 15, 7], "texture": "#rail"},
				"east": {"uv": [14, 5, 15, 7], "rotation": 270, "texture": "#rail"},
				"south": {"uv": [1, 5, 15, 6], "rotation": 180, "texture": "#rail"},
				"west": {"uv": [1, 5, 2, 7], "rotation": 90, "texture": "#rail"},
				"up": {"uv": [1, 5, 15, 7], "rotation": 180, "texture": "#rail"},
				"down": {"uv": [1, 7, 15, 5], "rotation": 180, "texture": "#rail"}
			}
		},
		{
			"name": "Plank N3",
			"from": [1, -0.207, 9.5],
			"to": [15, 0.499, 11.5],
			"rotation": {"angle": -45, "axis": "x", "origin": [8, 0, 0], "rescale": true},
			"faces": {
				"north": {"uv": [1, 10, 15, 11], "texture": "#rail"},
				"east": {"uv": [14, 9, 15, 11], "rotation": 270, "texture": "#rail"},
				"south": {"uv": [1, 9, 15, 10], "rotation": 180, "texture": "#rail"},
				"west": {"uv": [1, 9, 2, 11], "rotation": 90, "texture": "#rail"},
				"up": {"uv": [1, 9, 15, 11], "rotation": 180, "texture": "#rail"},
				"down": {"uv": [1, 11, 15, 9], "rotation": 180, "texture": "#rail"}
			}
		},
		{
			"name": "Plank N4",
			"from": [1, -0.207, 13.5],
			"to": [15, 0.499, 15.5],
			"rotation": {"angle": -45, "axis": "x", "origin": [8, 0, 0], "rescale": true},
			"faces": {
				"north": {"uv": [1, 14, 15, 15], "texture": "#rail"},
				"east": {"uv": [14, 13, 15, 15], "rotation": 270, "texture": "#rail"},
				"south": {"uv": [1, 13, 15, 14], "rotation": 180, "texture": "#rail"},
				"west": {"uv": [1, 13, 2, 15], "rotation": 90, "texture": "#rail"},
				"up": {"uv": [1, 13, 15, 15], "rotation": 180, "texture": "#rail"},
				"down": {"uv": [1, 15, 15, 13], "rotation": 180, "texture": "#rail"}
			}
		},
		{
			"name": "Power Strip",
			"from": [7, -0.206, 3.5],
			"to": [9, 0.498, 13.5],
			"rotation": {"angle": -45, "axis": "x", "origin": [8, 0, 0], "rescale": true},
			"faces": {
				"east": {"uv": [7, 3, 8, 13], "rotation": 270, "texture": "#rail"},
				"west": {"uv": [8, 3, 9, 13], "rotation": 90, "texture": "#rail"},
				"up": {"uv": [7, 3, 9, 13], "rotation": 180, "texture": "#rail"},
				"down": {"uv": [7, 13, 9, 3], "rotation": 180, "texture": "#rail"}
			}
		},
		{
			"name": "Railing L_Bottom",
			"from": [2.001, -0.207, 0],
			"to": [4.999, 0.499, 1],
			"rotation": {"angle": -45, "axis": "x", "origin": [8, 0, 0], "rescale": true},
			"faces": {
				"north": {"uv": [2, 15, 5, 16], "rotation": 180, "texture": "#rail"},
				"east": {"uv": [4, 15, 5, 16], "rotation": 180, "texture": "#rail"},
				"west": {"uv": [2, 15, 3, 16], "rotation": 180, "texture": "#rail"},
				"up": {"uv": [2, 15, 5, 16], "texture": "#rail"},
				"down": {"uv": [2, 15, 5, 16], "texture": "#rail"}
			}
		},
		{
			"name": "Railing R_Bottom",
			"from": [11.001, -0.207, 0],
			"to": [13.999, 0.499, 1],
			"rotation": {"angle": -45, "axis": "x", "origin": [8, 0, 0], "rescale": true},
			"faces": {
				"north": {"uv": [11, 15, 14, 16], "rotation": 180, "texture": "#rail"},
				"east": {"uv": [13, 15, 14, 16], "rotation": 180, "texture": "#rail"},
				"west": {"uv": [11, 15, 12, 16], "rotation": 180, "texture": "#rail"},
				"up": {"uv": [11, 15, 14, 16], "texture": "#rail"},
				"down": {"uv": [11, 15, 14, 16], "texture": "#rail"}
			}
		}
	],
	"groups": [
		{
			"name": "RaisedRail",
			"origin": [8, 1, 0],
			"color": 0,
			"children": [0, 1, 2, 3, 4, 5, 6]
		},
		7,
		8
	]
}