{
	"format_version": "1.9.0",
	"credit": "Made with Blockbench",
	"textures": {
		"particle": "block/rail",
		"rail": "block/rail"
	},
	"elements": [
		{
			"name": "Railing L",
			"from": [2, 0, 0],
			"to": [4, 1, 16],
			"faces": {
				"north": {"uv": [2, 0, 4, 1], "rotation": 180, "texture": "#rail", "cullface": "north"},
				"east": {"uv": [3, 0, 4, 16], "rotation": 90, "texture": "#rail"},
				"south": {"uv": [2, 15, 4, 16], "texture": "#rail", "cullface": "south"},
				"west": {"uv": [2, 0, 3, 16], "rotation": 270, "texture": "#rail"},
				"up": {"uv": [2, 0, 4, 16], "texture": "#rail"},
				"down": {"uv": [2, 0, 4, 16], "texture": "#rail", "cullface": "down"}
			}
		},
		{
			"name": "Railing R",
			"from": [12, 0, 0],
			"to": [14, 1, 16],
			"faces": {
				"north": {"uv": [12, 0, 14, 1], "rotation": 180, "texture": "#rail", "cullface": "north"},
				"east": {"uv": [13, 0, 14, 16], "rotation": 90, "texture": "#rail"},
				"south": {"uv": [12, 15, 14, 16], "texture": "#rail", "cullface": "south"},
				"west": {"uv": [12, 0, 13, 16], "rotation": 270, "texture": "#rail"},
				"up": {"uv": [12, 0, 14, 16], "texture": "#rail"},
				"down": {"uv": [12, 0, 14, 16], "texture": "#rail", "cullface": "down"}
			}
		},
		{
			"name": "Plank N1",
			"from": [1, 0.002, 1],
			"to": [15, 0.999, 3],
			"faces": {
				"north": {"uv": [1, 1, 15, 1.75], "rotation": 180, "texture": "#rail"},
				"east": {"uv": [14, 1, 15, 3], "rotation": 90, "texture": "#rail"},
				"south": {"uv": [1, 2, 15, 2.75], "texture": "#rail"},
				"west": {"uv": [1, 1, 2, 3], "rotation": 270, "texture": "#rail"},
				"up": {"uv": [1, 1, 15, 3], "texture": "#rail"},
				"down": {"uv": [1, 3, 15, 1], "texture": "#rail", "cullface": "down"}
			}
		},
		{
			"name": "Plank N2",
			"from": [1, 0.002, 5],
			"to": [15, 0.999, 7],
			"faces": {
				"north": {"uv": [1, 5, 15, 5.75], "rotation": 180, "texture": "#rail"},
				"east": {"uv": [14, 5, 15, 7], "rotation": 90, "texture": "#rail"},
				"south": {"uv": [1, 6, 15, 6.75], "texture": "#rail"},
				"west": {"uv": [1, 5, 2, 7], "rotation": 270, "texture": "#rail"},
				"up": {"uv": [1, 5, 15, 7], "texture": "#rail"},
				"down": {"uv": [1, 7, 15, 5], "texture": "#rail", "cullface": "down"}
			}
		},
		{
			"name": "Plank N3",
			"from": [1, 0.002, 9],
			"to": [15, 0.999, 11],
			"faces": {
				"north": {"uv": [1, 9, 15, 9.75], "rotation": 180, "texture": "#rail"},
				"east": {"uv": [14, 9, 15, 11], "rotation": 90, "texture": "#rail"},
				"south": {"uv": [1, 10, 15, 10.75], "texture": "#rail"},
				"west": {"uv": [1, 9, 2, 11], "rotation": 270, "texture": "#rail"},
				"up": {"uv": [1, 9, 15, 11], "texture": "#rail"},
				"down": {"uv": [1, 11, 15, 9], "texture": "#rail", "cullface": "down"}
			}
		},
		{
			"name": "Plank N4",
			"from": [1, 0.002, 13],
			"to": [15, 0.999, 15],
			"faces": {
				"north": {"uv": [1, 13, 15, 13.75], "rotation": 180, "texture": "#rail"},
				"east": {"uv": [14, 13, 15, 15], "rotation": 90, "texture": "#rail"},
				"south": {"uv": [1, 14, 15, 14.75], "texture": "#rail"},
				"west": {"uv": [1, 13, 2, 15], "rotation": 270, "texture": "#rail"},
				"up": {"uv": [1, 13, 15, 15], "texture": "#rail"},
				"down": {"uv": [1, 15, 15, 13], "texture": "#rail", "cullface": "down"}
			}
		}
	]
}