{
    "textures": {
        "particle": "block/sea_pickle",
        "all": "block/sea_pickle"
    },
    "elements": [
        {   "from": [ 6, 0, 6 ],
            "to": [ 9, 6, 9 ],
            "faces": {
                "down":  { "uv": [  8, 1,  12, 5 ], "texture": "#all" },
                "up":    { "uv": [  4, 1,  8, 5 ], "texture": "#all" },
                "north": { "uv": [ 4, 5, 8, 11 ], "texture": "#all" },
                "south": { "uv": [ 0, 5, 4, 11 ], "texture": "#all" },
                "west":  { "uv": [ 8, 5, 12, 11 ], "texture": "#all" },
                "east":  { "uv": [ 12, 5, 16, 11 ], "texture": "#all" }
            }
        },
        {
            "from": [ 6, 5.95, 6 ],
            "to": [ 9, 5.95, 9 ],
            "faces": {
                "up": {"uv": [  8, 1,  12, 5 ], "texture": "#all"}
            }
        },
        {
            "from": [ 7, 5.9, 7.4999 ],
            "to": [ 8, 7.9, 7.5001 ],
            "faces": {
                "north": { "uv": [ 1, 0, 3, 5 ], "texture": "#all" },
                "south": { "uv": [ 13, 0, 15, 5 ], "texture": "#all" }
            }
        },
        {
            "from": [ 7.4999, 5.9, 7 ],
            "to": [ 7.5001, 7.9, 8 ],
            "faces": {
                "west": { "uv": [ 1, 0, 3, 5 ], "texture": "#all" },
                "east": { "uv": [ 13, 0, 15, 5 ], "texture": "#all" }
            }
        }
    ]
}
