{
    "textures": {
        "particle": "#platform"
    },
    "elements": [
        {   "from": [ 0, 0, 0 ],
            "to": [ 16, 16, 4 ],
            "faces": {
                "down":  { "uv": [ 0, 0, 16,  4 ], "texture": "#side", "cullface": "down", "rotation": 180 },
                "up":    { "uv": [ 0, 0, 16,  4 ], "texture": "#side", "cullface": "up" },
                "north": { "uv": [ 0, 0, 16, 16 ], "texture": "#platform", "cullface": "north" },
                "south": { "uv": [ 0, 0, 16, 16 ], "texture": "#unsticky" },
                "west":  { "uv": [ 0, 0, 16,  4 ], "texture": "#side", "rotation": 270, "cullface": "west" },
                "east":  { "uv": [ 0, 0, 16,  4 ], "texture": "#side", "rotation": 90, "cullface": "east" }
            }
        },
        {   "from": [ 6, 6, 4 ],
            "to": [ 10, 10, 16 ],
            "faces": {
                "down": { "uv": [  4, 0, 16, 4 ], "texture": "#extension", "rotation": 90 },
                "up":   { "uv": [  4, 0, 16, 4 ], "texture": "#extension", "rotation": 270 },
                "west": { "uv": [ 16, 4,  4, 0 ], "texture": "#extension" },
                "east": { "uv": [  4, 0, 16, 4 ], "texture": "#extension" }
            }
        }
    ]
}
